split,group,tp_threshold,sample_count,hit_count,hit_rate,miss_count,miss_return_mean,close_h2_return_mean,two_sided_count,two_sided_rate
val,p1_base_signal,-0.002,17565,17565,1.0,0,,7.793309818054554e-05,,
val,p1_base_signal,-0.0015,17565,17565,1.0,0,,7.793309818054554e-05,,
val,p1_base_signal,-0.001,17565,17565,1.0,0,,7.793309818054554e-05,,
val,p1_base_signal,-0.0005,17565,17565,1.0,0,,7.793309818054554e-05,,
val,p1_base_signal,0.0,17565,17365,0.9886137204668375,200,-0.007979418942310657,7.793309818054554e-05,17173.0,0.9776828921150015
val,p1_base_signal,0.0005,17565,16166,0.920352974665528,1399,-0.006885954469960739,7.793309818054554e-05,14719.0,0.8379732422430971
val,p1_base_signal,0.001,17565,15068,0.8578423000284657,2497,-0.006090654310357419,7.793309818054554e-05,12488.0,0.7109592940506689
val,p1_base_signal,0.0015,17565,13927,0.7928835752917734,3638,-0.005628943384860939,7.793309818054554e-05,10169.0,0.5789353828636493
val,p1_base_signal,0.002,17565,12808,0.729177341303729,4757,-0.005154915128295977,7.793309818054554e-05,8000.0,0.4554511813265016
val,p1_base_signal,0.0025000000000000005,17565,11637,0.6625106746370624,5928,-0.004759271911017461,7.793309818054554e-05,6009.0,0.3421007685738685
val,p1_base_signal,0.003,17565,10586,0.6026757756902932,6979,-0.004388397672177423,7.793309818054554e-05,4530.0,0.2578992314261315
val,p1_base_signal,0.0034999999999999996,17565,9590,0.5459721036151437,7975,-0.00402929930652067,7.793309818054554e-05,3376.0,0.19220039851978366
val,p1_base_signal,0.004,17565,8602,0.48972388272132084,8963,-0.0036734055357315423,7.793309818054554e-05,2544.0,0.1448334756618275
val,p1_base_signal,0.0045000000000000005,17565,7706,0.4387133504127526,9859,-0.003368808703285051,7.793309818054554e-05,1886.0,0.10737261599772274
val,p1_base_signal,0.005,17565,6938,0.39499003700540847,10627,-0.00310198103536044,7.793309818054554e-05,1449.0,0.0824935952177626
val,p1_base_no_h1,-0.002,14604,13751,0.941591344837031,853,-0.01208186172335601,-0.000754384613193614,,
val,p1_base_no_h1,-0.0015,14604,13473,0.9225554642563681,1131,-0.011123065942265833,-0.000754384613193614,,
val,p1_base_no_h1,-0.001,14604,13130,0.8990687482881402,1474,-0.01004523489509359,-0.000754384613193614,,
val,p1_base_no_h1,-0.0005,14604,12625,0.8644891810462887,1979,-0.008894757882886043,-0.000754384613193614,,
val,p1_base_no_h1,0.0,14604,12072,0.8266228430566968,2532,-0.008031161130649498,-0.000754384613193614,,
val,p1_base_no_h1,0.0005,14604,11398,0.7804711038071761,3206,-0.007198677070752587,-0.000754384613193614,,
val,p1_base_no_h1,0.001,14604,10708,0.7332237743084087,3896,-0.006524687606917799,-0.000754384613193614,,
val,p1_base_no_h1,0.0015,14604,9893,0.6774171459874007,4711,-0.005894080476662882,-0.000754384613193614,,
val,p1_base_no_h1,0.002,14604,9041,0.6190769652150095,5563,-0.0053659680921521735,-0.000754384613193614,,
val,p1_base_no_h1,0.0025000000000000005,14604,8126,0.5564228978362092,6478,-0.004882648686548054,-0.000754384613193614,,
val,p1_base_no_h1,0.003,14604,7273,0.4980142426732402,7331,-0.004434216730040623,-0.000754384613193614,,
val,p1_base_no_h1,0.0034999999999999996,14604,6460,0.4423445631333881,8144,-0.00406143281977715,-0.000754384613193614,,
val,p1_base_no_h1,0.004,14604,5641,0.38626403725006847,8963,-0.0036734055357315423,-0.000754384613193614,,
val,p1_base_no_h1,0.0045000000000000005,14604,4951,0.339016707751301,9653,-0.003364362245254855,-0.000754384613193614,,
val,p1_base_no_h1,0.005,14604,4338,0.2970419063270337,10266,-0.0030836526978889997,-0.000754384613193614,,
val,p1_exit_after_h1_selected,-0.002,4849,4844,0.9989688595586719,5,-0.010163946224865161,0.0014843387592775091,,
val,p1_exit_after_h1_selected,-0.0015,4849,4835,0.9971128067642813,14,-0.009876720912707693,0.0014843387592775091,,
val,p1_exit_after_h1_selected,-0.001,4849,4829,0.9958754382346876,20,-0.01164624930276904,0.0014843387592775091,,
val,p1_exit_after_h1_selected,-0.0005,4849,4819,0.9938131573520314,30,-0.009618659113127462,0.0014843387592775091,,
val,p1_exit_after_h1_selected,0.0,4849,4787,0.9872138585275314,62,-0.008256674456956124,0.0014843387592775091,,
val,p1_exit_after_h1_selected,0.0005,4849,4750,0.9795834192617034,99,-0.008342504434430733,0.0014843387592775091,,
val,p1_exit_after_h1_selected,0.001,4849,4665,0.9620540317591256,184,-0.007223168642377771,0.0014843387592775091,,
val,p1_exit_after_h1_selected,0.0015,4849,4531,0.9344194679315323,318,-0.006083728517197724,0.0014843387592775091,,
val,p1_exit_after_h1_selected,0.002,4849,4328,0.8925551660136111,521,-0.005333420265166002,0.0014843387592775091,,
val,p1_exit_after_h1_selected,0.0025000000000000005,4849,4034,0.8319241080635182,815,-0.004609772539311858,0.0014843387592775091,,
val,p1_exit_after_h1_selected,0.003,4849,3719,0.7669622602598474,1130,-0.0039429228702238745,0.0014843387592775091,,
val,p1_exit_after_h1_selected,0.0034999999999999996,4849,3402,0.7015879562796453,1447,-0.0034440806430744296,0.0014843387592775091,,
val,p1_exit_after_h1_selected,0.004,4849,3042,0.6273458445040214,1807,-0.002873538362318765,0.0014843387592775091,,
val,p1_exit_after_h1_selected,0.0045000000000000005,4849,2740,0.5650649618478036,2109,-0.0024534651195830303,0.0014843387592775091,,
val,p1_exit_after_h1_selected,0.005,4849,2450,0.5052588162507734,2399,-0.0020759563432664226,0.0014843387592775091,,
val,p1_exit_after_h1_no_selected,-0.002,9755,8907,0.913070220399795,848,-0.012093170187380127,-0.0018672056929591163,,
val,p1_exit_after_h1_no_selected,-0.0015,9755,8638,0.8854946181445412,1117,-0.011138687097515443,-0.0018672056929591163,,
val,p1_exit_after_h1_no_selected,-0.001,9755,8301,0.8509482316760636,1454,-0.010023212688660639,-0.0018672056929591163,,
val,p1_exit_after_h1_no_selected,-0.0005,9755,7806,0.8002050230650948,1949,-0.008883615226699669,-0.0018672056929591163,,
val,p1_exit_after_h1_no_selected,0.0,9755,7285,0.7467965146078934,2470,-0.008025500472256378,-0.0018672056929591163,,
val,p1_exit_after_h1_no_selected,0.0005,9755,6648,0.6814966683751922,3107,-0.007162230688710701,-0.0018672056929591163,,
val,p1_exit_after_h1_no_selected,0.001,9755,6043,0.6194771911840082,3712,-0.0064900646245566376,-0.0018672056929591163,,
val,p1_exit_after_h1_no_selected,0.0015,9755,5362,0.549666837519221,4393,-0.005880352255199173,-0.0018672056929591163,,
val,p1_exit_after_h1_no_selected,0.002,9755,4713,0.4831368528959508,5042,-0.0053693313245718076,-0.0018672056929591163,,
val,p1_exit_after_h1_no_selected,0.0025000000000000005,9755,4092,0.4194771911840082,5663,-0.0049219201080556475,-0.0018672056929591163,,
val,p1_exit_after_h1_no_selected,0.003,9755,3554,0.36432598667350075,6201,-0.00452374455806722,-0.0018672056929591163,,
val,p1_exit_after_h1_no_selected,0.0034999999999999996,9755,3058,0.3134802665299846,6697,-0.004194822188104586,-0.0018672056929591163,,
val,p1_exit_after_h1_no_selected,0.004,9755,2599,0.26642747309072273,7156,-0.0038753842923493296,-0.0018672056929591163,,
val,p1_exit_after_h1_no_selected,0.0045000000000000005,9755,2211,0.226652998462327,7544,-0.0036190125684311377,-0.0018672056929591163,,
val,p1_exit_after_h1_no_selected,0.005,9755,1888,0.19354177344951307,7867,-0.0033909443662174053,-0.0018672056929591163,,
val,p1_exit_after_h1_no_selected_h2,-0.002,9755,8247,0.8454126089185033,1508,-0.007775755601395943,-0.0018672056929591163,,
val,p1_exit_after_h1_no_selected_h2,-0.0015,9755,7767,0.7962070732957458,1988,-0.006919338916516677,-0.0018672056929591163,,
val,p1_exit_after_h1_no_selected_h2,-0.001,9755,7140,0.7319323423885187,2615,-0.006106486850263571,-0.0018672056929591163,,
val,p1_exit_after_h1_no_selected_h2,-0.0005,9755,6356,0.6515633008713481,3399,-0.005351917638442013,-0.0018672056929591163,,
val,p1_exit_after_h1_no_selected_h2,0.0,9755,5456,0.5593029215786776,4299,-0.004697114961115453,-0.0018672056929591163,,
val,p1_exit_after_h1_no_selected_h2,0.0005,9755,4580,0.469502819067145,5175,-0.004161910426441327,-0.0018672056929591163,,
val,p1_exit_after_h1_no_selected_h2,0.001,9755,3668,0.3760123013839057,6087,-0.0036768388477821877,-0.0018672056929591163,,
val,p1_exit_after_h1_no_selected_h2,0.0015,9755,2778,0.2847770374167094,6977,-0.0032572003305304732,-0.0018672056929591163,,
val,p1_exit_after_h1_no_selected_h2,0.002,9755,2024,0.20748334187596104,7731,-0.0029087493897048348,-0.0018672056929591163,,
val,p1_exit_after_h1_no_selected_h2,0.0025000000000000005,9755,1421,0.14566888774987186,8334,-0.0026376039097997144,-0.0018672056929591163,,
val,p1_exit_after_h1_no_selected_h2,0.003,9755,1029,0.10548436699128652,8726,-0.002456859679116263,-0.0018672056929591163,,
val,p1_exit_after_h1_no_selected_h2,0.0034999999999999996,9755,723,0.07411583803177857,9032,-0.0023108619599166917,-0.0018672056929591163,,
val,p1_exit_after_h1_no_selected_h2,0.004,9755,521,0.05340850845720144,9234,-0.0022091138376775813,-0.0018672056929591163,,
val,p1_exit_after_h1_no_selected_h2,0.0045000000000000005,9755,371,0.0380317785750897,9384,-0.002130342077630293,-0.0018672056929591163,,
val,p1_exit_after_h1_no_selected_h2,0.005,9755,277,0.028395694515633008,9478,-0.002078631670025747,-0.0018672056929591163,,
val,p2_exit_after_h1_no_selected_no_h2,-0.002,9234,7775,0.8419969677279618,1459,-0.010787806352545554,-0.0022091138376775813,,
val,p2_exit_after_h1_no_selected_no_h2,-0.0015,9234,7465,0.8084253844487762,1769,-0.01002365626849483,-0.0022091138376775813,,
val,p2_exit_after_h1_no_selected_no_h2,-0.001,9234,7062,0.764782326185835,2172,-0.009125484057228636,-0.0022091138376775813,,
val,p2_exit_after_h1_no_selected_no_h2,-0.0005,9234,6629,0.717890405024908,2605,-0.008329850770507038,-0.0022091138376775813,,
val,p2_exit_after_h1_no_selected_no_h2,0.0,9234,6142,0.6651505306476067,3092,-0.007601294452397222,-0.0022091138376775813,,
val,p2_exit_after_h1_no_selected_no_h2,0.0005,9234,5587,0.6050465670348711,3647,-0.006900138168854323,-0.0022091138376775813,,
val,p2_exit_after_h1_no_selected_no_h2,0.001,9234,5056,0.5475416937405242,4178,-0.006298303677830629,-0.0022091138376775813,,
val,p2_exit_after_h1_no_selected_no_h2,0.0015,9234,4511,0.48852068442711716,4723,-0.00579172323447054,-0.0022091138376775813,,
val,p2_exit_after_h1_no_selected_no_h2,0.002,9234,3953,0.42809183452458305,5281,-0.005323716193163073,-0.0022091138376775813,,
val,p2_exit_after_h1_no_selected_no_h2,0.0025000000000000005,9234,3413,0.36961230236084036,5821,-0.0048902038453858265,-0.0022091138376775813,,
val,p2_exit_after_h1_no_selected_no_h2,0.003,9234,2923,0.3165475416937405,6311,-0.0045025866183455955,-0.0022091138376775813,,
val,p2_exit_after_h1_no_selected_no_h2,0.0034999999999999996,9234,2498,0.2705219839722764,6736,-0.0041855736814164655,-0.0022091138376775813,,
val,p2_exit_after_h1_no_selected_no_h2,0.004,9234,2078,0.2250379034004765,7156,-0.0038753842923493296,-0.0022091138376775813,,
val,p2_exit_after_h1_no_selected_no_h2,0.0045000000000000005,9234,1736,0.18800086636343946,7498,-0.003635193199760143,-0.0022091138376775813,,
val,p2_exit_after_h1_no_selected_no_h2,0.005,9234,1445,0.15648689625297812,7789,-0.0034198392181630666,-0.0022091138376775813,,
val,p2_exit_after_h2_selected,-0.002,1190,1190,1.0,0,,0.0018233980556723577,,
val,p2_exit_after_h2_selected,-0.0015,1190,1189,0.9991596638655462,1,-0.0218071564266189,0.0018233980556723577,,
val,p2_exit_after_h2_selected,-0.001,1190,1188,0.9983193277310924,2,-0.01435837559988995,0.0018233980556723577,,
val,p2_exit_after_h2_selected,-0.0005,1190,1188,0.9983193277310924,2,-0.01435837559988995,0.0018233980556723577,,
val,p2_exit_after_h2_selected,0.0,1190,1187,0.9974789915966387,3,-0.011347691190095524,0.0018233980556723577,,
val,p2_exit_after_h2_selected,0.0005,1190,1184,0.9949579831932773,6,-0.006710808680031655,0.0018233980556723577,,
val,p2_exit_after_h2_selected,0.001,1190,1172,0.984873949579832,18,-0.004868666270960165,0.0018233980556723577,,
val,p2_exit_after_h2_selected,0.0015,1190,1141,0.9588235294117647,49,-0.00410455031540089,0.0018233980556723577,,
val,p2_exit_after_h2_selected,0.002,1190,1083,0.9100840336134454,107,-0.003941300946449004,0.0018233980556723577,,
val,p2_exit_after_h2_selected,0.0025000000000000005,1190,997,0.8378151260504202,193,-0.0030860935057015902,0.0018233980556723577,,
val,p2_exit_after_h2_selected,0.003,1190,905,0.7605042016806722,285,-0.002311579713501546,0.0018233980556723577,,
val,p2_exit_after_h2_selected,0.0034999999999999996,1190,799,0.6714285714285714,391,-0.0018282132391866065,0.0018233980556723577,,
val,p2_exit_after_h2_selected,0.004,1190,698,0.5865546218487395,492,-0.0013782371396367206,0.0018233980556723577,,
val,p2_exit_after_h2_selected,0.0045000000000000005,1190,604,0.507563025210084,586,-0.0010617349899163047,0.0018233980556723577,,
val,p2_exit_after_h2_selected,0.005,1190,516,0.4336134453781513,674,-0.00063875736074202,0.0018233980556723577,,
val,p2_exit_after_h2_no_selected,-0.002,8044,6585,0.818622575832919,1459,-0.010787806352545554,-0.0028056689288121447,,
val,p2_exit_after_h2_no_selected,-0.0015,8044,6276,0.7802088513177524,1768,-0.010016991392839781,-0.0028056689288121447,,
val,p2_exit_after_h2_no_selected,-0.001,8044,5874,0.7302337145698657,2170,-0.009120661115714664,-0.0028056689288121447,,
val,p2_exit_after_h2_no_selected,-0.0005,8044,5441,0.6764047737444058,2603,-0.008325218788310046,-0.0028056689288121447,,
val,p2_exit_after_h2_no_selected,0.0,8044,4955,0.615987071108901,3089,-0.007597655996517296,-0.0028056689288121447,,
val,p2_exit_after_h2_no_selected,0.0005,8044,4403,0.5473644952759821,3641,-0.006900450164716156,-0.0028056689288121447,,
val,p2_exit_after_h2_no_selected,0.001,8044,3884,0.4828443560417703,4160,-0.006304489608918049,-0.0028056689288121447,,
val,p2_exit_after_h2_no_selected,0.0015,8044,3370,0.41894579811039284,4674,-0.005809410755444953,-0.0028056689288121447,,
val,p2_exit_after_h2_no_selected,0.002,8044,2870,0.35678766782695176,5174,-0.005352304989335937,-0.0028056689288121447,,
val,p2_exit_after_h2_no_selected,0.0025000000000000005,8044,2416,0.30034808552958725,5628,-0.004952071879422618,-0.0028056689288121447,,
val,p2_exit_after_h2_no_selected,0.003,8044,2018,0.2508702138239682,6026,-0.004606210409895637,-0.0028056689288121447,,
val,p2_exit_after_h2_no_selected,0.0034999999999999996,8044,1699,0.21121332670313278,6345,-0.004330842071158291,-0.0028056689288121447,,
val,p2_exit_after_h2_no_selected,0.004,8044,1380,0.17155643958229735,6664,-0.004059747497501581,-0.0028056689288121447,,
val,p2_exit_after_h2_no_selected,0.0045000000000000005,8044,1132,0.1407260069617106,6912,-0.003853371225073871,-0.0028056689288121447,,
val,p2_exit_after_h2_no_selected,0.005,8044,929,0.11548980606663352,7115,-0.0036832895585568524,-0.0028056689288121447,,
test,p1_base_signal,-0.002,19110,19110,1.0,0,,6.830967939632978e-06,,
test,p1_base_signal,-0.0015,19110,19110,1.0,0,,6.830967939632978e-06,,
test,p1_base_signal,-0.001,19110,19110,1.0,0,,6.830967939632978e-06,,
test,p1_base_signal,-0.0005,19110,19110,1.0,0,,6.830967939632978e-06,,
test,p1_base_signal,0.0,19110,18807,0.9841444270015699,303,-0.007080711878051841,6.830967939632978e-06,18538.0,0.9700680272108844
test,p1_base_signal,0.0005,19110,17492,0.9153322867608582,1618,-0.006588784258647718,6.830967939632978e-06,15816.0,0.8276295133437991
test,p1_base_signal,0.001,19110,16255,0.8506017791732078,2855,-0.0060820642993266805,6.830967939632978e-06,13294.0,0.6956567242281528
test,p1_base_signal,0.0015,19110,14968,0.7832548403976975,4142,-0.005593859115079076,6.830967939632978e-06,10718.0,0.560858189429618
test,p1_base_signal,0.002,19110,13674,0.715541601255887,5436,-0.005135334695164067,6.830967939632978e-06,8335.0,0.43615907901622186
test,p1_base_signal,0.0025000000000000005,19110,12451,0.6515436944008373,6659,-0.004735897649440454,6.830967939632978e-06,6243.0,0.32668759811616954
test,p1_base_signal,0.003,19110,11173,0.5846677132391418,7937,-0.004329549674554205,6.830967939632978e-06,4568.0,0.2390371533228676
test,p1_base_signal,0.0034999999999999996,19110,10036,0.5251700680272109,9074,-0.003950605098815727,6.830967939632978e-06,3369.0,0.17629513343799058
test,p1_base_signal,0.004,19110,9028,0.47242281527995816,10082,-0.003636706597788105,6.830967939632978e-06,2534.0,0.1326007326007326
test,p1_base_signal,0.0045000000000000005,19110,8028,0.42009419152276295,11082,-0.003318618886037006,6.830967939632978e-06,1862.0,0.09743589743589744
test,p1_base_signal,0.005,19110,7187,0.3760858189429618,11923,-0.0030578679629245415,6.830967939632978e-06,1436.0,0.07514390371533229
test,p1_base_no_h1,-0.002,15972,15083,0.9443400951665415,889,-0.011009964532734286,-0.0007902783651856089,,
test,p1_base_no_h1,-0.0015,15972,14786,0.9257450538442275,1186,-0.01009519757719328,-0.0007902783651856089,,
test,p1_base_no_h1,-0.001,15972,14350,0.8984472827448035,1622,-0.009229392928926859,-0.0007902783651856089,,
test,p1_base_no_h1,-0.0005,15972,13791,0.8634485349361383,2181,-0.008381719736815153,-0.0007902783651856089,,
test,p1_base_no_h1,0.0,15972,13125,0.8217505634861006,2847,-0.007682450745529463,-0.0007902783651856089,,
test,p1_base_no_h1,0.0005,15972,12345,0.7729151014274981,3627,-0.006925326740502881,-0.0007902783651856089,,
test,p1_base_no_h1,0.001,15972,11519,0.7211995992987729,4453,-0.0063293049062100315,-0.0007902783651856089,,
test,p1_base_no_h1,0.0015,15972,10608,0.6641622839969947,5364,-0.005773649721540113,-0.0007902783651856089,,
test,p1_base_no_h1,0.002,15972,9666,0.6051840721262209,6306,-0.005281792310803901,-0.0007902783651856089,,
test,p1_base_no_h1,0.0025000000000000005,15972,8668,0.5426997245179064,7304,-0.004804188117143434,-0.0007902783651856089,,
test,p1_base_no_h1,0.003,15972,7648,0.47883796644127224,8324,-0.004333147765151083,-0.0007902783651856089,,
test,p1_base_no_h1,0.0034999999999999996,15972,6717,0.42054845980465816,9255,-0.0039569669052776455,-0.0007902783651856089,,
test,p1_base_no_h1,0.004,15972,5890,0.36877034810919107,10082,-0.003636706597788105,-0.0007902783651856089,,
test,p1_base_no_h1,0.0045000000000000005,15972,5077,0.3178687703481092,10895,-0.003300269062001951,-0.0007902783651856089,,
test,p1_base_no_h1,0.005,15972,4415,0.2764212371650388,11557,-0.0030354211092255886,-0.0007902783651856089,,
test,p1_exit_after_h1_selected,-0.002,4824,4819,0.9989635157545605,5,-0.01615406234831245,0.001356418092133312,,
test,p1_exit_after_h1_selected,-0.0015,4824,4817,0.9985489220563848,7,-0.01446950984958498,0.001356418092133312,,
test,p1_exit_after_h1_selected,-0.001,4824,4806,0.996268656716418,18,-0.016211014702252682,0.001356418092133312,,
test,p1_exit_after_h1_selected,-0.0005,4824,4794,0.9937810945273632,30,-0.014466524760889672,0.001356418092133312,,
test,p1_exit_after_h1_selected,0.0,4824,4776,0.9900497512437811,48,-0.012676549635746428,0.001356418092133312,,
test,p1_exit_after_h1_selected,0.0005,4824,4734,0.9813432835820896,90,-0.01018655492076952,0.001356418092133312,,
test,p1_exit_after_h1_selected,0.001,4824,4646,0.9631011608623549,178,-0.008571025701943187,0.001356418092133312,,
test,p1_exit_after_h1_selected,0.0015,4824,4502,0.9332504145936982,322,-0.007107932768264122,0.001356418092133312,,
test,p1_exit_after_h1_selected,0.002,4824,4264,0.8839137645107794,560,-0.006009447458940858,0.001356418092133312,,
test,p1_exit_after_h1_selected,0.0025000000000000005,4824,3971,0.8231757877280266,853,-0.005082185902130503,0.001356418092133312,,
test,p1_exit_after_h1_selected,0.003,4824,3650,0.7566334991708126,1174,-0.004323637146164508,0.001356418092133312,,
test,p1_exit_after_h1_selected,0.0034999999999999996,4824,3304,0.6849087893864013,1520,-0.003735102039500731,0.001356418092133312,,
test,p1_exit_after_h1_selected,0.004,4824,2962,0.6140132669983416,1862,-0.003218301718042612,0.001356418092133312,,
test,p1_exit_after_h1_selected,0.0045000000000000005,4824,2614,0.5418739635157546,2210,-0.0026934894592880653,0.001356418092133312,,
test,p1_exit_after_h1_selected,0.005,4824,2319,0.48072139303482586,2505,-0.0023030700686980303,0.001356418092133312,,
test,p1_exit_after_h1_no_selected,-0.002,11148,10264,0.9207032651596699,884,-0.01098086895685432,-0.001719204065769254,,
test,p1_exit_after_h1_no_selected,-0.0015,11148,9969,0.8942411194833154,1179,-0.010069226257509872,-0.001719204065769254,,
test,p1_exit_after_h1_no_selected,-0.001,11148,9544,0.8561176892716182,1604,-0.009151045552418214,-0.001719204065769254,,
test,p1_exit_after_h1_no_selected,-0.0005,11148,8997,0.8070505920344456,2151,-0.008296854952657905,-0.001719204065769254,,
test,p1_exit_after_h1_no_selected,0.0,11148,8349,0.7489235737351991,2799,-0.007596807034657574,-0.001719204065769254,,
test,p1_exit_after_h1_no_selected,0.0005,11148,7611,0.6827233584499461,3537,-0.006842343835152585,-0.001719204065769254,,
test,p1_exit_after_h1_no_selected,0.001,11148,6873,0.6165231431646933,4275,-0.006235965420446172,-0.001719204065769254,,
test,p1_exit_after_h1_no_selected,0.0015,11148,6106,0.5477215644061715,5042,-0.0056884376745260055,-0.001719204065769254,,
test,p1_exit_after_h1_no_selected,0.002,11148,5402,0.4845712235378543,5746,-0.005210875693512447,-0.001719204065769254,,
test,p1_exit_after_h1_no_selected,0.0025000000000000005,11148,4697,0.42133118048080376,6451,-0.004767429147899291,-0.001719204065769254,,
test,p1_exit_after_h1_no_selected,0.003,11148,3998,0.3586293505561536,7150,-0.004334709368883982,-0.001719204065769254,,
test,p1_exit_after_h1_no_selected,0.0034999999999999996,11148,3413,0.3061535701471116,7735,-0.004000565430937752,-0.001719204065769254,,
test,p1_exit_after_h1_no_selected,0.004,11148,2928,0.26264800861141013,8220,-0.0037314839561927403,-0.001719204065769254,,
test,p1_exit_after_h1_no_selected,0.0045000000000000005,11148,2463,0.22093649085037675,8685,-0.0034546712407005917,-0.001719204065769254,,
test,p1_exit_after_h1_no_selected,0.005,11148,2096,0.1880157875852171,9052,-0.0032380878521024704,-0.001719204065769254,,
test,p1_exit_after_h1_no_selected_h2,-0.002,11148,9562,0.8577323286688195,1586,-0.007407061614677928,-0.001719204065769254,,
test,p1_exit_after_h1_no_selected_h2,-0.0015,11148,9022,0.8092931467527807,2126,-0.006561549164044173,-0.001719204065769254,,
test,p1_exit_after_h1_no_selected_h2,-0.001,11148,8315,0.7458736993182634,2833,-0.005817100193119125,-0.001719204065769254,,
test,p1_exit_after_h1_no_selected_h2,-0.0005,11148,7452,0.6684607104413348,3696,-0.005152505282640792,-0.001719204065769254,,
test,p1_exit_after_h1_no_selected_h2,0.0,11148,6373,0.5716720487979907,4775,-0.004510561602645686,-0.001719204065769254,,
test,p1_exit_after_h1_no_selected_h2,0.0005,11148,5285,0.4740760674560459,5863,-0.00397247054953106,-0.001719204065769254,,
test,p1_exit_after_h1_no_selected_h2,0.001,11148,4259,0.3820416218155723,6889,-0.003526142979259776,-0.001719204065769254,,
test,p1_exit_after_h1_no_selected_h2,0.0015,11148,3286,0.29476139217796915,7862,-0.0031369028671351953,-0.001719204065769254,,
test,p1_exit_after_h1_no_selected_h2,0.002,11148,2443,0.21914244707570865,8705,-0.002808302149287784,-0.001719204065769254,,
test,p1_exit_after_h1_no_selected_h2,0.0025000000000000005,11148,1727,0.1549156799425906,9421,-0.0025222645178160368,-0.001719204065769254,,
test,p1_exit_after_h1_no_selected_h2,0.003,11148,1212,0.10871905274488698,9936,-0.0023148324226759487,-0.001719204065769254,,
test,p1_exit_after_h1_no_selected_h2,0.0034999999999999996,11148,892,0.08001435235019734,10256,-0.0021841233328553254,-0.001719204065769254,,
test,p1_exit_after_h1_no_selected_h2,0.004,11148,652,0.05848582705418012,10496,-0.0020789414103774503,-0.001719204065769254,,
test,p1_exit_after_h1_no_selected_h2,0.0045000000000000005,11148,468,0.04198062432723358,10680,-0.001997569690162685,-0.001719204065769254,,
test,p1_exit_after_h1_no_selected_h2,0.005,11148,342,0.030678148546824543,10806,-0.0019344058581021297,-0.001719204065769254,,
test,p2_exit_after_h1_no_selected_no_h2,-0.002,10496,8823,0.8406059451219512,1673,-0.009928417494169782,-0.0020789414103774503,,
test,p2_exit_after_h1_no_selected_no_h2,-0.0015,10496,8442,0.8043064024390244,2054,-0.009222455973113617,-0.0020789414103774503,,
test,p2_exit_after_h1_no_selected_no_h2,-0.001,10496,7990,0.7612423780487805,2506,-0.008465928826701575,-0.0020789414103774503,,
test,p2_exit_after_h1_no_selected_no_h2,-0.0005,10496,7473,0.711985518292683,3023,-0.007765253343509998,-0.0020789414103774503,,
test,p2_exit_after_h1_no_selected_no_h2,0.0,10496,6925,0.6597751524390244,3571,-0.007157244880538695,-0.0020789414103774503,,
test,p2_exit_after_h1_no_selected_no_h2,0.0005,10496,6301,0.6003239329268293,4195,-0.006529257932438303,-0.0020789414103774503,,
test,p2_exit_after_h1_no_selected_no_h2,0.001,10496,5700,0.5430640243902439,4796,-0.0060322323816417445,-0.0020789414103774503,,
test,p2_exit_after_h1_no_selected_no_h2,0.0015,10496,5090,0.4849466463414634,5406,-0.005563730677557895,-0.0020789414103774503,,
test,p2_exit_after_h1_no_selected_no_h2,0.002,10496,4488,0.42759146341463417,6008,-0.005137806987998942,-0.0020789414103774503,,
test,p2_exit_after_h1_no_selected_no_h2,0.0025000000000000005,10496,3863,0.3680449695121951,6633,-0.004723343589002275,-0.0020789414103774503,,
test,p2_exit_after_h1_no_selected_no_h2,0.003,10496,3237,0.3084032012195122,7259,-0.00430571636231851,-0.0020789414103774503,,
test,p2_exit_after_h1_no_selected_no_h2,0.0034999999999999996,10496,2705,0.2577172256097561,7791,-0.003981737728957954,-0.0020789414103774503,,
test,p2_exit_after_h1_no_selected_no_h2,0.004,10496,2276,0.21684451219512196,8220,-0.0037314839561927403,-0.0020789414103774503,,
test,p2_exit_after_h1_no_selected_no_h2,0.0045000000000000005,10496,1875,0.17863948170731708,8621,-0.0034724444612244327,-0.0020789414103774503,,
test,p2_exit_after_h1_no_selected_no_h2,0.005,10496,1556,0.1482469512195122,8940,-0.0032680911812041284,-0.0020789414103774503,,
test,p2_exit_after_h2_selected,-0.002,1215,1214,0.9991769547325103,1,-0.027624086236726297,0.0018715271359150659,,
test,p2_exit_after_h2_selected,-0.0015,1215,1213,0.9983539094650206,2,-0.015915841443769174,0.0018715271359150659,,
test,p2_exit_after_h2_selected,-0.001,1215,1212,0.9975308641975309,3,-0.01322300801366949,0.0018715271359150659,,
test,p2_exit_after_h2_selected,-0.0005,1215,1210,0.9958847736625515,5,-0.011857672497064375,0.0018715271359150659,,
test,p2_exit_after_h2_selected,0.0,1215,1208,0.994238683127572,7,-0.011036101411783208,0.0018715271359150659,,
test,p2_exit_after_h2_selected,0.0005,1215,1203,0.9901234567901235,12,-0.008419875950379388,0.0018715271359150659,,
test,p2_exit_after_h2_selected,0.001,1215,1196,0.9843621399176955,19,-0.007557745857885261,0.0018715271359150659,,
test,p2_exit_after_h2_selected,0.0015,1215,1167,0.9604938271604938,48,-0.005542132016357092,0.0018715271359150659,,
test,p2_exit_after_h2_selected,0.002,1215,1115,0.9176954732510288,100,-0.003645399392526438,0.0018715271359150659,,
test,p2_exit_after_h2_selected,0.0025000000000000005,1215,1025,0.8436213991769548,190,-0.002738177390334436,0.0018715271359150659,,
test,p2_exit_after_h2_selected,0.003,1215,929,0.7646090534979424,286,-0.002240203361300412,0.0018715271359150659,,
test,p2_exit_after_h2_selected,0.0034999999999999996,1215,820,0.6748971193415638,395,-0.0016712872541598091,0.0018715271359150659,,
test,p2_exit_after_h2_selected,0.004,1215,713,0.5868312757201646,502,-0.0013750773821546354,0.0018715271359150659,,
test,p2_exit_after_h2_selected,0.0045000000000000005,1215,608,0.5004115226337449,607,-0.0008384864195072648,0.0018715271359150659,,
test,p2_exit_after_h2_selected,0.005,1215,520,0.4279835390946502,695,-0.00045643808774370486,0.0018715271359150659,,
test,p2_exit_after_h2_no_selected,-0.002,9281,7609,0.819846999245771,1672,-0.009917833960232847,-0.002596107586839621,,
test,p2_exit_after_h2_no_selected,-0.0015,9281,7229,0.7789031354379916,2052,-0.009215932205598359,-0.002596107586839621,,
test,p2_exit_after_h2_no_selected,-0.001,9281,6778,0.7303092339187588,2503,-0.008460227173660862,-0.002596107586839621,,
test,p2_exit_after_h2_no_selected,-0.0005,9281,6263,0.6748195237582157,3018,-0.007758473325031612,-0.002596107586839621,,
test,p2_exit_after_h2_no_selected,0.0,9281,5717,0.6159896562870381,3564,-0.007149626475454882,-0.002596107586839621,,
test,p2_exit_after_h2_no_selected,0.0005,9281,5098,0.5492942570843659,4183,-0.0065238342135247734,-0.002596107586839621,,
test,p2_exit_after_h2_no_selected,0.001,9281,4504,0.4852925331322056,4777,-0.006026164817051283,-0.002596107586839621,,
test,p2_exit_after_h2_no_selected,0.0015,9281,3923,0.4226915203103114,5358,-0.005563924170603366,-0.002596107586839621,,
test,p2_exit_after_h2_no_selected,0.002,9281,3373,0.36343066479905184,5908,-0.00516306778006855,-0.002596107586839621,,
test,p2_exit_after_h2_no_selected,0.0025000000000000005,9281,2838,0.30578601443809933,6443,-0.004781884886184782,-0.002596107586839621,,
test,p2_exit_after_h2_no_selected,0.003,9281,2308,0.24868009912724923,6973,-0.004390434090454344,-0.002596107586839621,,
test,p2_exit_after_h2_no_selected,0.0034999999999999996,9281,1885,0.2031031138885896,7396,-0.0041051325285178875,-0.002596107586839621,,
test,p2_exit_after_h2_no_selected,0.004,9281,1563,0.16840857666199763,7718,-0.0038847511368311355,-0.002596107586839621,,
test,p2_exit_after_h2_no_selected,0.0045000000000000005,9281,1267,0.13651546169593795,8014,-0.0036719468983747103,-0.002596107586839621,,
test,p2_exit_after_h2_no_selected,0.005,9281,1036,0.11162590238120892,8245,-0.0035050952927814477,-0.002596107586839621,,
