signal_date,entry_date,exit_date,tickers,n_tickers,ret,per_ticker_ret
2023-05-12,2023-05-15,2023-05-26,GVR;HDB;TPB,3,0.006590337296447681,GVR:0.01226242;HDB:0.00505561;TPB:0.00245298
2023-05-15,2023-05-16,2023-05-29,GVR;KDH;SSI,3,0.05020333126761404,GVR:0.12347267;KDH:0.00491510;SSI:0.02222222
2023-05-16,2023-05-17,2023-05-30,KDH;SSI;VHM,3,0.031161293267488788,KDH:0.02215190;SSI:0.01960784;VHM:0.05172414
2023-05-17,2023-05-18,2023-05-31,HDB;HPG;SSI;STB,4,0.0005796739258742368,HDB:-0.01001001;HPG:-0.03243243;SSI:0.02450331;STB:0.02025783
2023-05-18,2023-05-19,2023-06-01,HDB;HPG;SSI,3,0.0014354499248626987,HDB:0.00300903;HPG:-0.02691790;SSI:0.02821522
2023-05-19,2023-05-22,2023-06-02,HDB;HPG;SSI;TPB;VHM,5,0.029510401540242714,HDB:0.04065041;HPG:-0.00950441;SSI:0.04274611;TPB:0.10275081;VHM:-0.02909091
2023-05-22,2023-05-23,2023-06-05,HDB;SSI;STB;TPB;VHM,5,0.03171463909597128,HDB:0.03018109;SSI:0.04749512;STB:-0.00531915;TPB:0.10089504;VHM:-0.01467890
2023-05-23,2023-05-24,2023-06-06,SSI;STB;VHM,3,0.04029856750034206,SSI:0.08597285;STB:0.01071429;VHM:0.02420857
2023-05-24,2023-05-25,2023-06-07,SSI;STB;VHM,3,0.05461478654805626,SSI:0.11059603;STB:0.04227941;VHM:0.01096892
2023-05-25,2023-05-26,2023-06-08,HDB;SSI;VHM,3,0.030978163421917993,HDB:0.00802407;SSI:0.07763769;VHM:0.00727273
2023-05-26,2023-05-29,2023-06-09,HDB;POW;STB;TPB;VHM,5,0.02444526095917356,HDB:-0.00600000;POW:0.01065719;STB:0.02554745;TPB:0.08293076;VHM:0.00909091
2023-05-29,2023-05-30,2023-06-12,GVR;HDB;KDH;SSI,4,0.015657845424981814,GVR:-0.00797267;HDB:-0.02657480;KDH:0.01819796;SSI:0.07898089
2023-05-30,2023-05-31,2023-06-13,GVR;HDB;SSI,3,0.02842360613774313,GVR:-0.00282326;HDB:-0.00199601;SSI:0.09009009
2023-05-31,2023-06-01,2023-06-14,GVR;PDR;SSI;VHM,4,0.0740913716498605,GVR:-0.02441794;PDR:0.16052416;SSI:0.09483871;VHM:0.06542056
2023-06-01,2023-06-02,2023-06-15,PDR,1,0.14489311163895485,PDR:0.14489311
2023-06-02,2023-06-05,2023-06-16,PDR,1,0.11207576953433307,PDR:0.11207577
2023-06-05,2023-06-06,2023-06-19,SSI,1,0.09565217391304341,SSI:0.09565217
2023-06-06,2023-06-07,2023-06-20,MBB;STB;TCB;VHM,4,-0.0027179027022505562,MBB:-0.01446655;STB:0.01916376;TCB:-0.01195219;VHM:-0.00361664
2023-06-07,2023-06-08,2023-06-21,SSI;STB,2,0.05343817717159846,SSI:0.06800710;STB:0.03886926
2023-06-08,2023-06-09,2023-06-22,HPG;MBB;STB,3,0.06267054748600684,HPG:0.09025974;MBB:0.01471941;STB:0.08303249
2023-06-09,2023-06-12,2023-06-23,HPG,1,0.0992953235105702,HPG:0.09929532
2023-06-12,2023-06-13,2023-06-26,HPG,1,0.09523809523809527,HPG:0.09523810
2023-06-13,2023-06-14,2023-06-27,HPG;SSI,2,0.09214948783610755,HPG:0.10037879;SSI:0.08392019
2023-06-14,2023-06-15,2023-06-28,HPG;MBB;POW;SSI,4,0.0726117614390992,HPG:0.15637066;MBB:0.04840183;POW:0.00351494;SSI:0.08215962
2023-06-15,2023-06-16,2023-06-29,HPG;KDH;MBB;SSI;TCB,5,0.02980006355070215,HPG:0.10948440;KDH:0.00130095;MBB:0.02270663;SSI:0.01550833;TCB:0.00000000
2023-06-16,2023-06-19,2023-06-30,HPG;KDH;MBB;SSI,4,0.04146752522877695,HPG:0.11553030;KDH:0.00477845;MBB:0.02564103;SSI:0.01992032
2023-06-19,2023-06-20,2023-07-03,MBB;SSI;TCB,3,0.006580375417533639,MBB:0.03035879;SSI:-0.00390625;TCB:-0.00671141
2023-06-20,2023-06-21,2023-07-04,KDH;TCB,2,-0.005951879614812368,KDH:-0.00652742;TCB:-0.00537634
2023-06-21,2023-06-22,2023-07-05,HPG;KDH;TCB,3,0.02173466757675542,HPG:0.09107250;KDH:0.00304083;TCB:-0.02890933
2023-06-22,2023-06-23,2023-07-06,HPG;STB,2,0.02496854403243812,HPG:0.08636093;STB:-0.03642384
2023-06-23,2023-06-26,2023-07-07,HPG;KDH;STB;TCB,4,-0.005255302714983882,HPG:0.08100233;KDH:-0.04142012;STB:-0.01986755;TCB:-0.04073587
2023-06-26,2023-06-27,2023-07-10,HPG;KDH,2,0.027098479678299245,HPG:0.09223584;KDH:-0.03803888
2023-06-27,2023-06-28,2023-07-11,HPG;KDH;TCB,3,-0.005792122320884194,HPG:0.04951622;KDH:-0.03670886;TCB:-0.03018373
2023-06-28,2023-06-29,2023-07-12,HPG;STB,2,0.004162493043962139,HPG:0.01333333;STB:-0.00500835
2023-06-29,2023-06-30,2023-07-13,SSI;TCB,2,0.04582767964346526,SSI:0.11349520;TCB:-0.02183984
2023-06-30,2023-07-03,2023-07-14,HPG;PDR;SSI;TCB,4,0.05889774857483042,HPG:0.04971751;PDR:0.11503176;SSI:0.09397457;TCB:-0.02313285
2023-07-03,2023-07-04,2023-07-17,HPG;MBB;SSI,3,0.07431781144829179,HPG:0.04357668;MBB:0.05892857;SSI:0.12044818
2023-07-04,2023-07-05,2023-07-18,HPG;MBB;TCB;VHM,4,0.02952628681927842,HPG:0.03026906;MBB:0.04309587;TCB:0.00403226;VHM:0.04070796
2023-07-05,2023-07-06,2023-07-19,HPG;KDH;MBB;SSI,4,0.046918229399099176,HPG:0.01871216;KDH:0.04720658;MBB:0.03439153;SSI:0.08736264
2023-07-06,2023-07-07,2023-07-20,MBB;SSI;STB,3,0.02661739163948297,MBB:0.05000000;SSI:0.07280750;STB:-0.04295533
2023-07-07,2023-07-10,2023-07-21,SSI;STB,2,0.021820691880681132,SSI:0.07887628;STB:-0.03523490
2023-07-11,2023-07-12,2023-07-25,MWG,1,0.10845431255337314,MWG:0.10845431
2023-07-12,2023-07-13,2023-07-26,MBB;MWG;PDR;PLX,4,0.04448335008424466,MBB:0.02399314;MWG:0.06924045;PDR:0.11097411;PLX:-0.02627430
2023-07-13,2023-07-14,2023-07-27,HPG;MWG,2,0.07650951364417995,HPG:0.04634678;MWG:0.10667224
2023-07-14,2023-07-17,2023-07-28,KDH,1,0.15917681646367085,KDH:0.15917682
2023-07-17,2023-07-18,2023-07-31,FPT;MBB;MWG,3,0.0723664108197438,FPT:0.08354026;MBB:0.01349073;MWG:0.12006824
2023-07-18,2023-07-19,2023-08-01,FPT;MWG,2,0.0773347863683026,FPT:0.07640129;MWG:0.07826829
2023-07-19,2023-07-20,2023-08-02,HPG;MWG,2,0.04293023918535505,HPG:0.00759219;MWG:0.07826829
2023-07-20,2023-07-21,2023-08-03,HDB;MBB,2,0.01374471682163984,HDB:0.01142857;MBB:0.01606086
2023-07-21,2023-07-24,2023-08-04,HDB;PDR,2,0.027815995311982446,HDB:-0.00842697;PDR:0.06405896
2023-07-24,2023-07-25,2023-08-07,HDB;PDR;VHM,3,0.04447633342823134,HDB:0.01227573;PDR:0.05142538;VHM:0.06972789
2023-07-25,2023-07-26,2023-08-08,FPT;HDB;VHM,3,0.04117718212547052,FPT:0.03692839;HDB:0.00941620;VHM:0.07718696
2023-07-26,2023-07-27,2023-08-09,FPT;HDB;VPB,3,0.006954111961479395,FPT:0.00355390;HDB:0.00564972;VPB:0.01165872
2023-07-27,2023-07-28,2023-08-10,FPT;HDB,2,-0.009211773409377334,FPT:-0.01560665;HDB:-0.00281690
2023-07-28,2023-07-31,2023-08-11,FPT;HDB;MBB,3,-0.012635316192445742,FPT:-0.03192721;HDB:-0.00847458;MBB:0.00249584
2023-07-31,2023-08-01,2023-08-14,HDB,1,-0.025758969641214293,HDB:-0.02575897
2023-08-01,2023-08-02,2023-08-15,FPT;HDB,2,-0.01720104887616038,FPT:-0.00580431;HDB:-0.02859779
2023-08-02,2023-08-03,2023-08-16,ACB,1,-0.0061804697156984814,ACB:-0.00618047
2023-08-03,2023-08-04,2023-08-17,FPT;SSI,2,0.03736114102159412,FPT:0.02368641;SSI:0.05103588
2023-08-04,2023-08-07,2023-08-18,ACB;FPT,2,-0.03143372627319228,ACB:-0.08566330;FPT:0.02279584
2023-08-10,2023-08-11,2023-08-24,GVR;HPG;MBB,3,-0.0518542855704962,GVR:-0.07677357;HPG:-0.03997839;MBB:-0.03881090
2023-08-11,2023-08-14,2023-08-25,STB,1,-0.025078369905956025,STB:-0.02507837
2023-08-14,2023-08-15,2023-08-28,CTG,1,-0.03580433686333824,CTG:-0.03580434
2023-08-15,2023-08-16,2023-08-29,CTG;HPG,2,-0.03187075092375884,CTG:-0.02984320;HPG:-0.03389831
2023-08-16,2023-08-17,2023-08-30,HPG;MBB,2,-0.02996012590716183,HPG:-0.02854123;MBB:-0.03137903
2023-08-17,2023-08-18,2023-08-31,TCB,1,-0.0012515644555694352,TCB:-0.00125156
2023-08-21,2023-08-22,2023-09-06,CTG;FPT;MWG;STB,4,0.08347884551956647,CTG:0.02036660;FPT:0.16057802;MWG:0.12015827;STB:0.03281250
2023-08-22,2023-08-23,2023-09-07,CTG;FPT;GAS;STB,4,0.06717872383163587,CTG:0.03139475;FPT:0.14628608;GAS:0.06299668;STB:0.02803738
2023-08-23,2023-08-24,2023-09-08,FPT,1,0.14158431880771105,FPT:0.14158432
2023-08-24,2023-08-25,2023-09-11,CTG;FPT;STB,3,0.03413680079144948,CTG:0.00461775;FPT:0.08820799;STB:0.00958466
2023-08-25,2023-08-28,2023-09-12,CTG;FPT;TCB,3,0.05277029259808122,CTG:0.04039874;FPT:0.07512797;TCB:0.04278416
2023-08-28,2023-08-29,2023-09-13,KDH,1,-0.00860134629768126,KDH:-0.00860135
2023-08-29,2023-08-30,2023-09-14,MWG;VNM,2,0.056141271226349744,MWG:0.08101852;VNM:0.03126402
2023-08-30,2023-08-31,2023-09-15,MWG;STB,2,0.01761030107934103,MWG:0.03522060;STB:0.00000000
2023-08-31,2023-09-05,2023-09-18,KDH;MWG;STB,3,-0.01615781539881722,KDH:-0.06765023;MWG:0.02223489;STB:-0.00305810
2023-09-05,2023-09-06,2023-09-19,TPB,1,-0.030345800988002804,TPB:-0.03034580
2023-09-06,2023-09-07,2023-09-20,TPB,1,-0.014705882352941112,TPB:-0.01470588
2023-09-07,2023-09-08,2023-09-21,MWG,1,-0.005440900562851766,MWG:-0.00544090
2023-09-08,2023-09-11,2023-09-22,HPG;MWG;PNJ,3,-0.055426447021924084,HPG:-0.05870342;MWG:-0.06615356;PNJ:-0.04142236
2023-09-11,2023-09-12,2023-09-25,HPG;MWG;PNJ,3,-0.058010517376445726,HPG:-0.07135307;MWG:-0.06416510;PNJ:-0.03851338
2023-09-12,2023-09-13,2023-09-26,HPG;MWG,2,-0.08622698029969374,HPG:-0.09044193;MWG:-0.08201203
2023-09-13,2023-09-14,2023-09-27,VNM,1,-0.024207746478873117,VNM:-0.02420775
2023-09-14,2023-09-15,2023-09-28,GAS;VNM,2,-0.016200276455229652,GAS:0.02562092;VNM:-0.05802147
2023-09-15,2023-09-18,2023-09-29,GAS;NVL,2,-0.09249168269884345,GAS:-0.01018200;NVL:-0.17480136
2023-09-18,2023-09-19,2023-10-02,GAS;VNM,2,-0.027211695038703985,GAS:-0.01745156;VNM:-0.03697183
2023-09-19,2023-09-20,2023-10-03,GAS;PDR;SSI;STB;VNM,5,-0.10650368293199271,GAS:-0.05900305;PDR:-0.12378303;SSI:-0.17049051;STB:-0.12312312;VNM:-0.05611870
2023-09-20,2023-09-21,2023-10-04,GAS,1,-0.05242143225141689,GAS:-0.05242143
2023-09-21,2023-09-22,2023-10-05,FPT;GAS;PDR,3,-0.0722786227552218,FPT:-0.03670259;GAS:-0.06331085;PDR:-0.11682243
2023-09-22,2023-09-25,2023-10-06,GAS;SSI,2,-0.025195290354536264,GAS:-0.07364639;SSI:0.02325581
2023-09-25,2023-09-26,2023-10-09,GAS;PDR;SSI;STB,4,0.012573595111292123,GAS:-0.03244722;PDR:0.03515215;SSI:0.07106363;STB:-0.02347418
2023-09-26,2023-09-27,2023-10-10,GAS;PDR,2,0.005495785323235278,GAS:-0.02922291;PDR:0.04021448
2023-09-28,2023-09-29,2023-10-12,FPT;GAS;PDR,3,-0.007416889878124835,FPT:0.02548991;GAS:-0.06219000;PDR:0.01444943
2023-09-29,2023-10-02,2023-10-13,GAS;PDR;SSI;VJC,4,0.03172800122815061,GAS:-0.05193299;PDR:0.07875186;SSI:0.05477592;VJC:0.04531722
2023-10-02,2023-10-03,2023-10-16,GAS;PDR;SSI,3,0.014777690985493508,GAS:-0.02140793;PDR:0.05025126;SSI:0.01548975
2023-10-03,2023-10-04,2023-10-17,GAS;PDR;SSI,3,0.05305822070810138,GAS:-0.00935720;PDR:0.11345940;SSI:0.05507246
2023-10-04,2023-10-05,2023-10-18,FPT;GAS;PDR;SSI,4,-0.017561954856703595,FPT:0.00223881;GAS:-0.03143713;PDR:-0.02976791;SSI:-0.01128159
2023-10-05,2023-10-06,2023-10-19,PDR;POW;SSI,3,-0.013435185240981024,PDR:0.00000000;POW:0.00883002;SSI:-0.04913558
2023-10-06,2023-10-09,2023-10-20,PDR;SSI;VHM,3,-0.0269095338859201,PDR:0.00255624;SSI:-0.04857768;VHM:-0.03470716
2023-10-09,2023-10-10,2023-10-23,FPT;PDR;SSI,3,-0.05718459618237356,FPT:-0.05698292;PDR:-0.02502503;SSI:-0.08954584
2023-10-11,2023-10-12,2023-10-25,FPT;PDR,2,-0.02086234399184269,FPT:-0.06283022;PDR:0.02110553
2023-10-12,2023-10-13,2023-10-26,PDR;SSI,2,-0.0971462605703851,PDR:-0.05594406;SSI:-0.13834847
2023-10-13,2023-10-16,2023-10-27,HDB;PDR;VJC,3,-0.051654925481752184,HDB:-0.01752768;PDR:-0.09797608;VJC:-0.03946102
2023-10-16,2023-10-17,2023-10-30,FPT;PDR;SSI;VJC,4,-0.10753488794698146,FPT:-0.13085965;PDR:-0.10895310;SSI:-0.15111111;VJC:-0.03921569
2023-10-17,2023-10-18,2023-10-31,NVL;SSI;VIC;VJC,4,-0.09468480115534443,NVL:-0.06893881;SSI:-0.19058397;VIC:-0.08038147;VJC:-0.03883495
2023-10-18,2023-10-19,2023-11-01,HDB;NVL;PDR;VHM;VJC;VPB,6,-0.054165937501202445,HDB:-0.01480111;NVL:-0.00731707;PDR:-0.07481560;VHM:-0.11507480;VJC:-0.00476644;VPB:-0.10822060
2023-10-19,2023-10-20,2023-11-02,FPT;NVL;VJC;VPB,4,-0.010846611042937748,FPT:-0.03773585;NVL:0.05668016;VJC:-0.00190295;VPB:-0.06042781
2023-10-20,2023-10-23,2023-11-03,FPT;HDB;PDR;VJC,4,-0.016775089915757595,FPT:-0.07250443;HDB:0.03375912;PDR:-0.04071247;VJC:0.01235741
2023-10-23,2023-10-24,2023-11-06,HDB;VJC,2,0.039634083667386105,HDB:0.04255319;VJC:0.03671498
2023-10-24,2023-10-25,2023-11-07,HDB;VJC,2,0.024498140734303096,HDB:0.02583026;VJC:0.02316602
2023-10-25,2023-10-26,2023-11-08,HDB;PDR;VJC,3,0.06833304384947265,HDB:0.08302239;PDR:0.01738241;VJC:0.10459433
2023-10-26,2023-10-27,2023-11-09,MSN;NVL;PDR;VHM;VIC,5,0.10619808290033358,MSN:0.01290323;NVL:0.24406224;PDR:0.11122715;VHM:0.07250000;VIC:0.09029779
2023-10-27,2023-10-30,2023-11-10,MSN;PDR;SAB;VHM;VIC,5,0.07589615918415074,MSN:0.10178571;PDR:0.11544462;SAB:-0.01098478;VHM:0.08461538;VIC:0.08861985
2023-10-30,2023-10-31,2023-11-13,MSN;SAB;VHM;VIC,4,0.0509754467487088,MSN:0.05084746;SAB:0.00658946;VHM:0.05484694;VIC:0.09161793
2023-10-31,2023-11-01,2023-11-14,SAB;VHM,2,0.07082761214981971,SAB:0.08767065;VHM:0.05398458
2023-11-01,2023-11-02,2023-11-15,NVL;SAB;VJC,3,0.11520960138946311,NVL:0.21784566;SAB:0.09155817;VJC:0.03622498
2023-11-02,2023-11-03,2023-11-16,MSN,1,0.047619047619047616,MSN:0.04761905
2023-11-03,2023-11-06,2023-11-17,PDR;SAB,2,0.11399899791318,PDR:0.24025290;SAB:-0.01225490
2023-11-06,2023-11-07,2023-11-20,MSN;PDR,2,0.12729828042328042,MSN:-0.00625000;PDR:0.26084656
2023-11-07,2023-11-08,2023-11-21,HDB;VCB,2,0.011377653523998119,HDB:0.03866906;VCB:-0.01591376
2023-11-08,2023-11-09,2023-11-22,MSN,1,0.01564945226917069,MSN:0.01564945
2023-11-09,2023-11-10,2023-11-23,HDB;HPG;MSN;NVL,4,0.0059646970711801466,HDB:-0.03463203;HPG:-0.02130045;MSN:0.02096774;NVL:0.05882353
2023-11-10,2023-11-13,2023-11-24,HDB;HPG;PDR;VHM,4,-0.01476585700612067,HDB:-0.02920962;HPG:-0.00335196;PDR:0.05565777;VHM:-0.08215962
2023-11-13,2023-11-14,2023-11-27,HDB;PDR,2,-0.026195313465208,HDB:-0.03951890;PDR:-0.01287173
2023-11-14,2023-11-15,2023-11-28,HDB;HPG;PDR,3,-0.02742833093265395,HDB:-0.04944587;HPG:-0.03062869;PDR:-0.00221043
2023-11-15,2023-11-16,2023-11-29,PDR;SSI,2,0.014361323575041475,PDR:0.03819918;SSI:-0.00947653
2023-11-16,2023-11-17,2023-11-30,HDB,1,-0.049572649572649584,HDB:-0.04957265
2023-11-17,2023-11-20,2023-12-01,VIC,1,0.029339853300733566,VIC:0.02933985
2023-11-21,2023-11-22,2023-12-05,SSI,1,0.024811696942844425,SSI:0.02481170
2023-11-22,2023-11-23,2023-12-06,SSI,1,0.012142237640936736,SSI:0.01214224
2023-11-23,2023-11-24,2023-12-07,MWG;PDR,2,0.06941698273118228,MWG:0.07769086;PDR:0.06114311
2023-11-29,2023-11-30,2023-12-13,VHM,1,-0.010922330097087447,VHM:-0.01092233
2023-11-30,2023-12-01,2023-12-14,VHM,1,-0.02421307506053269,VHM:-0.02421308
2023-12-01,2023-12-04,2023-12-15,VHM,1,-0.025641025641025744,VHM:-0.02564103
2023-12-04,2023-12-05,2023-12-18,MSN;VHM,2,-0.01446169912394361,MSN:0.00963082;VHM:-0.03855422
2023-12-05,2023-12-06,2023-12-19,VHM,1,-0.024691358024691357,VHM:-0.02469136
2023-12-06,2023-12-07,2023-12-20,NVL,1,-0.0823045267489713,NVL:-0.08230453
2023-12-11,2023-12-12,2023-12-25,BID,1,0.04096669613910995,BID:0.04096670
2023-12-12,2023-12-13,2023-12-26,BID;FPT,2,0.012139401764064877,BID:0.02626970;FPT:-0.00199090
2023-12-13,2023-12-14,2023-12-27,BID;HDB,2,0.02832705088030031,BID:0.03259912;HDB:0.02405498
2023-12-14,2023-12-15,2023-12-28,BID;FPT;HDB;MWG;PDR,5,0.02996508780796847,BID:0.03009737;FPT:0.00403110;HDB:0.02399314;MWG:0.03465225;PDR:0.05705157
2023-12-15,2023-12-18,2023-12-29,HDB;PDR,2,0.06272215571085187,HDB:0.06632653;PDR:0.05911778
2023-12-18,2023-12-19,2024-01-02,BID;MWG,2,0.06186916817465982,BID:0.04892601;MWG:0.07481232
2023-12-19,2023-12-20,2024-01-03,BID;HDB,2,0.05039891029383156,BID:0.04524227;HDB:0.05555556
2023-12-20,2023-12-21,2024-01-04,BID;HDB;MWG;VIC,4,0.05293937392410147,BID:0.06728469;HDB:0.09375000;MWG:0.02374606;VIC:0.02697674
2023-12-21,2023-12-22,2024-01-05,BID;HDB,2,0.07881468725461369,BID:0.06436513;HDB:0.09326425
2023-12-22,2023-12-25,2024-01-08,HDB,1,0.08461538461538463,HDB:0.08461538
2023-12-25,2023-12-26,2024-01-09,PDR,1,0.028829604130809025,PDR:0.02882960
2023-12-26,2023-12-27,2024-01-10,FPT;PDR,2,-0.01215065706607514,FPT:-0.02773038;PDR:0.00342906
2023-12-27,2023-12-28,2024-01-11,FPT;MBB;PDR;PNJ,4,0.030053184776795798,FPT:-0.02056262;MBB:0.12276215;PDR:0.00519031;PNJ:0.01282290
2023-12-28,2023-12-29,2024-01-12,BID;PDR;PNJ,3,0.02548206632803129,BID:0.07734174;PDR:-0.00688468;PNJ:0.00598914
2023-12-29,2024-01-02,2024-01-15,PDR;PNJ,2,-0.03262194539934062,PDR:-0.03423192;PNJ:-0.03101197
2024-01-02,2024-01-03,2024-01-16,MBB;PDR;PNJ,3,0.063168819866649,MBB:0.14728033;PDR:0.03168228;PNJ:0.01054384
2024-01-03,2024-01-04,2024-01-17,ACB;HDB;PNJ,3,0.026153314752942306,ACB:0.00791408;HDB:0.04038772;PNJ:0.03015815
2024-01-04,2024-01-05,2024-01-18,ACB;HDB;MBB;PDR,4,0.0321839448735039,ACB:0.01182432;HDB:0.01904762;MBB:0.07956318;PDR:0.01830065
2024-01-05,2024-01-08,2024-01-19,ACB;BID;MBB,3,0.06451903324639373,ACB:0.00997783;BID:0.11274911;MBB:0.07083016
2024-01-08,2024-01-09,2024-01-22,CTG;HDB;MBB;SSI,4,0.04819102708714746,CTG:0.10339734;HDB:0.03152088;MBB:0.06500378;SSI:-0.00715789
2024-01-09,2024-01-10,2024-01-23,BID;HDB;MBB,3,0.04942126966846245,BID:0.07277556;HDB:0.02206462;MBB:0.05342363
2024-01-10,2024-01-11,2024-01-24,BID;CTG;HDB;MBB,4,0.03356104091450032,BID:0.03601969;CTG:0.02905342;HDB:0.02190923;MBB:0.04726182
2024-01-11,2024-01-12,2024-01-25,BID;CTG;MBB,3,0.054219841593163474,BID:0.05435651;CTG:0.04020814;MBB:0.06809487
2024-01-12,2024-01-15,2024-01-26,BID;CTG;MBB;PDR,4,0.033637535014931344,BID:0.06294821;CTG:0.01755196;MBB:0.02334063;PDR:0.03070934
2024-01-15,2024-01-16,2024-01-29,BID;CTG;MBB,3,0.043385501647698534,BID:0.05763612;CTG:0.04035664;MBB:0.03216374
2024-01-16,2024-01-17,2024-01-30,BID;CTG;HDB;MBB,4,0.03528210361593313,BID:0.04072517;CTG:0.03707180;HDB:0.04009252;MBB:0.02323893
2024-01-17,2024-01-18,2024-01-31,CTG;HDB;MBB,3,0.02530834380474301,CTG:0.01403181;HDB:0.04503106;MBB:0.01686217
2024-01-18,2024-01-19,2024-02-01,CTG;MBB;PDR,3,0.005682460787533902,CTG:0.01103448;MBB:0.00431655;PDR:0.00169635
2024-01-19,2024-01-22,2024-02-02,CTG,1,-0.026410026857654426,CTG:-0.02641003
2024-01-22,2024-01-23,2024-02-05,PDR,1,0.051227773073666265,PDR:0.05122777
2024-01-23,2024-01-24,2024-02-06,MBB;PDR,2,0.06729336336856695,MBB:0.05527638;PDR:0.07931034
2024-01-24,2024-01-25,2024-02-07,ACB;MBB;TCB,3,0.07048068894732971,ACB:0.08319559;MBB:0.07000000;TCB:0.05824647
2024-01-25,2024-01-26,2024-02-15,ACB;BID;HDB;MBB;PNJ,5,0.06113395906375092,ACB:0.05234160;BID:0.01137225;HDB:0.12307692;MBB:0.10315186;PNJ:0.01572716
2024-01-26,2024-01-29,2024-02-16,BID;MBB;PNJ;TCB,4,0.04367237347137304,BID:-0.00725363;MBB:0.09052031;PNJ:0.00544720;TCB:0.08597561
2024-01-29,2024-01-30,2024-02-19,BID;MBB,2,0.045860224214928316,BID:0.01027569;MBB:0.08144476
2024-01-30,2024-01-31,2024-02-20,BID;CTG;GVR;MBB,4,0.09901483046482358,BID:0.01866330;CTG:0.08486753;GVR:0.22064688;MBB:0.07188161
2024-01-31,2024-02-01,2024-02-21,ACB;BID;HDB,3,0.06784746731267999,ACB:0.07815965;BID:0.04737384;HDB:0.07800892
2024-02-01,2024-02-02,2024-02-22,BID;CTG;HDB;MBB;SSI,5,0.060915396263220845,BID:0.05197828;CTG:0.11566485;HDB:0.05052006;MBB:0.09383954;SSI:-0.00742574
2024-02-02,2024-02-05,2024-02-23,CTG;FPT;GVR;MBB;SSI,5,0.06365364029104428,CTG:0.10876549;FPT:0.01873982;GVR:0.11060669;MBB:0.09877433;SSI:-0.01861812
2024-02-05,2024-02-06,2024-02-26,GVR;HDB;SSI,3,0.0501620958298461,GVR:0.14957090;HDB:0.00214439;SSI:-0.00122900
2024-02-06,2024-02-07,2024-02-27,FPT;GVR;HDB;SSI,4,0.04681070614826124,FPT:0.03055960;GVR:0.14662876;HDB:-0.01544944;SSI:0.02550391
2024-02-07,2024-02-15,2024-02-28,ACB;FPT;GVR;MBB;SSI,5,0.0445863143858889,ACB:-0.00152362;FPT:0.03146807;GVR:0.13784764;MBB:0.02978160;SSI:0.02535787
2024-02-15,2024-02-16,2024-02-29,FPT;SSI,2,0.04745940987583396,FPT:0.04807564;SSI:0.04684318
2024-02-16,2024-02-19,2024-03-01,BID;FPT;HDB;SSI;TCB,5,0.05997506919321882,BID:0.09734069;FPT:0.05028226;HDB:0.00000000;SSI:0.06705060;TCB:0.08520179
2024-02-19,2024-02-20,2024-03-04,FPT;HDB;SSI,3,0.033663135377659324,FPT:0.05898618;HDB:0.00000000;SSI:0.04200323
2024-02-20,2024-02-21,2024-03-05,FPT;SSI,2,0.061933021320581705,FPT:0.06432281;SSI:0.05954323
2024-02-21,2024-02-22,2024-03-06,FPT;HDB,2,0.014072167931304867,FPT:0.03021188;HDB:-0.00206754
2024-02-22,2024-02-23,2024-03-07,FPT,1,0.055008533543389755,FPT:0.05500853
2024-02-23,2024-02-26,2024-03-08,HDB;MBB;TCB,3,0.009669338443393053,HDB:0.02158273;MBB:-0.01246719;TCB:0.01989247
2024-02-26,2024-02-27,2024-03-11,ACB;HDB;MBB;TCB;TPB,5,-0.024168262555717707,ACB:-0.03444730;HDB:0.01783167;MBB:-0.04566210;TCB:-0.02453027;TPB:-0.03403331
2024-02-27,2024-02-28,2024-03-12,ACB;HDB;MBB;TPB,4,-0.028044148525622863,ACB:-0.03245750;HDB:0.01069900;MBB:-0.05151320;TPB:-0.03890490
2024-02-28,2024-02-29,2024-03-13,HDB;HPG;SSI,3,0.01332606487049409,HDB:-0.00418702;HPG:0.00144370;SSI:0.04272152
2024-02-29,2024-03-01,2024-03-14,HPG;SSI,2,-0.007790987958917442,HPG:-0.02751423;SSI:0.01193226
2024-03-05,2024-03-06,2024-03-19,PNJ,1,0.0027773239666721403,PNJ:0.00277732
2024-03-07,2024-03-08,2024-03-21,MSN,1,-0.037037037037037035,MSN:-0.03703704
2024-03-08,2024-03-11,2024-03-22,MBB;MSN,2,0.031624500665779,MBB:0.06324900;MSN:0.00000000
2024-03-11,2024-03-12,2024-03-25,MBB;MSN,2,0.026480335837384017,MBB:0.07876712;MSN:-0.02580645
2024-03-12,2024-03-13,2024-03-26,FPT;HPG;MSN;PNJ;SSI,5,0.0003363455911861796,FPT:0.01952358;HPG:0.01176471;MSN:-0.06329114;PNJ:-0.01022364;SSI:0.04390823
2024-03-13,2024-03-14,2024-03-27,MWG,1,0.038969201759899576,MWG:0.03896920
2024-03-14,2024-03-15,2024-03-28,FPT;KDH;PNJ,3,-0.00255588788935344,FPT:0.00260880;KDH:0.01359663;PNJ:-0.02387310
2024-03-15,2024-03-18,2024-03-29,KDH;SSI,2,0.015212071088348818,KDH:0.01330737;SSI:0.01711677
2024-03-18,2024-03-19,2024-04-01,ACB;FPT;PNJ,3,0.041456714747302885,ACB:0.06166932;FPT:0.03358255;PNJ:0.02911827
2024-03-19,2024-03-20,2024-04-02,ACB;FPT;MSN;PNJ,4,0.023362124600880774,ACB:0.05782493;FPT:0.04181056;MSN:-0.03746770;PNJ:0.03128071
2024-03-20,2024-03-21,2024-04-03,FPT,1,-0.00084164963328132,FPT:-0.00084165
2024-03-21,2024-03-22,2024-04-04,ACB,1,-0.02471003530005035,ACB:-0.02471004
2024-03-22,2024-03-25,2024-04-05,MBB;MWG;PDR,3,-0.0026000803237085563,MBB:-0.06762680;MWG:0.04090150;PDR:0.01892506
2024-03-25,2024-03-26,2024-04-08,FPT,1,-0.012270683999514094,FPT:-0.01227068
2024-03-26,2024-03-27,2024-04-09,FPT,1,-0.014732520227025708,FPT:-0.01473252
2024-03-27,2024-03-28,2024-04-10,ACB,1,-0.042778057372924075,ACB:-0.04277806
2024-03-29,2024-04-01,2024-04-12,FPT,1,-0.00429850746268656,FPT:-0.00429851
2024-04-01,2024-04-02,2024-04-15,ACB;CTG;MBB,3,-0.043402820669338725,ACB:-0.05133367;CTG:-0.03040541;MBB:-0.04846939
2024-04-02,2024-04-03,2024-04-16,CTG;FPT;PDR,3,-0.05401814161431231,CTG:-0.02421712;FPT:-0.02660463;PDR:-0.11123268
2024-04-03,2024-04-04,2024-04-17,FPT;MBB;PDR,3,-0.06699392534350473,FPT:-0.02782127;MBB:-0.04536617;PDR:-0.12779434
2024-04-04,2024-04-05,2024-04-19,FPT;KDH;MWG,3,-0.06007465673417755,FPT:-0.03624786;KDH:-0.10798429;MWG:-0.03599182
2024-04-05,2024-04-08,2024-04-22,FPT;MWG,2,-0.038479181562122614,FPT:-0.02984529;MWG:-0.04711307
2024-04-08,2024-04-09,2024-04-23,KDH,1,-0.06686930091185411,KDH:-0.06686930
2024-04-10,2024-04-11,2024-04-25,MWG,1,0.05071884984025558,MWG:0.05071885
2024-04-11,2024-04-12,2024-04-26,FPT;MWG;PDR;PNJ,4,-0.02844078222321071,FPT:0.06297801;MWG:0.04965787;PDR:-0.16973338;PNJ:-0.05666563
2024-04-12,2024-04-15,2024-05-02,PDR,1,-0.17697787776527943,PDR:-0.17697788
2024-04-15,2024-04-16,2024-05-03,FPT;MWG;PDR,3,0.0543926148833477,FPT:0.12416522;MWG:0.12538732;PDR:-0.08637470
2024-04-16,2024-04-17,2024-05-06,FPT;MWG,2,0.14252074535554027,FPT:0.12821455;MWG:0.15682694
2024-04-17,2024-04-19,2024-05-07,FPT;GVR;TCB,3,0.1401281656111323,FPT:0.18826774;GVR:0.14370812;TCB:0.08840864
2024-04-19,2024-04-22,2024-05-08,GVR;TCB,2,0.07998846463089011,GVR:0.09705987;TCB:0.06291706
2024-04-22,2024-04-23,2024-05-09,BID;GVR;TCB,3,0.059767260038010826,BID:0.00596570;GVR:0.10825295;TCB:0.06508314
2024-04-23,2024-04-24,2024-05-10,FPT;GVR;MWG;TCB,4,0.12233860066306002,FPT:0.15313338;GVR:0.12641166;MWG:0.17331976;TCB:0.03648961
2024-04-24,2024-04-25,2024-05-13,MWG;TCB,2,0.07440780076803215,MWG:0.11891680;TCB:0.02989880
2024-04-25,2024-04-26,2024-05-14,FPT;GVR;MWG;TCB;VJC,5,0.09603882617119652,FPT:0.06091656;GVR:0.11874560;MWG:0.12325626;TCB:0.04135338;VJC:0.13592233
2024-04-26,2024-05-02,2024-05-15,FPT;GVR;MWG;TCB,4,0.07200522848839581,FPT:0.08324010;GVR:0.09143637;MWG:0.08563082;TCB:0.02771363
2024-05-02,2024-05-03,2024-05-16,FPT;GVR;MWG;TCB,4,0.06426522179982976,FPT:0.05697913;GVR:0.07432432;MWG:0.07525698;TCB:0.05050045
2024-05-03,2024-05-06,2024-05-17,FPT;MWG;TCB;VJC,4,0.06423105469960051,FPT:0.06328698;MWG:0.06232914;TCB:0.02584670;VJC:0.10546139
2024-05-06,2024-05-07,2024-05-20,FPT;MWG;VJC,3,0.021556085064428136,FPT:0.03906081;MWG:0.02034429;VJC:0.00526316
2024-05-07,2024-05-08,2024-05-21,GVR;VJC,2,0.015078100577813114,GVR:0.07595773;VJC:-0.04580153
2024-05-08,2024-05-09,2024-05-22,FPT;GVR;HPG;MWG;PLX,5,0.022904075603783804,FPT:0.05673985;GVR:0.03155184;HPG:0.01293103;MWG:0.03396880;PLX:-0.02067114
2024-05-09,2024-05-10,2024-05-23,FPT;KDH;MWG;PLX;VJC,5,0.02316769202477743,FPT:0.04725738;KDH:0.02760943;MWG:0.05442532;PLX:0.04167780;VJC:-0.05513147
2024-05-10,2024-05-13,2024-05-24,FPT;HDB;HPG;MWG;PLX;VJC,6,0.011309416870547429,FPT:0.00453586;HDB:0.02049180;HPG:0.04069767;MWG:0.02707863;PLX:0.05197560;VJC:-0.07692308
2024-05-13,2024-05-14,2024-05-27,FPT;GVR;KDH;MWG;PLX;VJC,6,0.018501430383576475,FPT:0.02152141;GVR:0.09475358;KDH:-0.01662787;MWG:0.02551555;PLX:0.06987952;VJC:-0.08403361
2024-05-14,2024-05-15,2024-05-28,ACB;FPT;GVR;MWG;PLX;TCB;VJC,7,0.0375631867609434,ACB:0.06496164;FPT:0.04181588;GVR:0.08382674;MWG:0.01484731;PLX:0.10804851;TCB:0.00947653;VJC:-0.06003431
2024-05-15,2024-05-16,2024-05-29,GVR;PLX;TCB;VJC,4,0.010125265068738083,GVR:0.05738213;PLX:0.07640751;TCB:-0.01158645;VJC:-0.08170213
2024-05-16,2024-05-17,2024-05-30,HPG;KDH;PLX;VJC,4,-0.011852455302299975,HPG:-0.01639344;KDH:-0.02039474;PLX:0.08105917;VJC:-0.09168081
2024-05-17,2024-05-20,2024-05-31,HPG;VJC,2,-0.047836097703647926,HPG:-0.00561272;VJC:-0.09005947
2024-05-20,2024-05-21,2024-06-03,FPT;MSN,2,0.020643553276770654,FPT:0.02160207;MSN:0.01968504
2024-05-21,2024-05-22,2024-06-04,ACB;HPG;TCB,3,0.01782077183956703,ACB:0.03383838;HPG:0.01208178;TCB:0.00754215
2024-05-22,2024-05-23,2024-06-05,ACB;GVR;HPG,3,0.04242271471216305,ACB:0.03509664;GVR:0.07817896;HPG:0.01399254
2024-05-23,2024-05-24,2024-06-06,BVH;GVR;TCB,3,0.04254899638984528,BVH:0.03340292;GVR:0.05428040;TCB:0.03996367
2024-05-24,2024-05-27,2024-06-07,ACB;BVH;FPT,3,0.03353097298405857,ACB:-0.00724288;BVH:0.04025275;FPT:0.06758305
2024-05-27,2024-05-28,2024-06-10,ACB;BVH;GAS;TCB,4,0.0014125481935792477,ACB:-0.02206235;BVH:-0.00337079;GAS:-0.02076518;TCB:0.05184851
2024-05-28,2024-05-29,2024-06-11,ACB;BVH;POW,3,0.02247028324333399,ACB:-0.03213429;BVH:-0.03295002;POW:0.13249516
2024-05-29,2024-05-30,2024-06-12,GAS;POW;TCB,3,0.05849596843382926,GAS:-0.01822842;POW:0.12088975;TCB:0.07282658
2024-05-30,2024-05-31,2024-06-13,ACB;BVH;PLX;POW,4,0.03402387980709798,ACB:-0.00813787;BVH:0.01670146;PLX:0.02177177;POW:0.10576015
2024-05-31,2024-06-03,2024-06-14,ACB;FPT;PLX;POW;TCB,5,0.04274156292097933,ACB:-0.00963391;FPT:0.12383297;PLX:-0.01680883;POW:0.08277831;TCB:0.03353928
2024-06-03,2024-06-04,2024-06-17,FPT;PLX;POW;TCB,4,0.021901944344847397,FPT:0.07313671;PLX:-0.03835616;POW:0.02943800;TCB:0.02338923
2024-06-04,2024-06-05,2024-06-18,ACB;PLX;POW;TCB,4,0.015405550488580933,ACB:-0.00822050;PLX:-0.01685254;POW:0.06384814;TCB:0.02284710
2024-06-05,2024-06-06,2024-06-19,ACB;BVH;PLX;POW;TCB,5,0.015297658314841667,ACB:0.01029917;BVH:-0.03049050;PLX:-0.00618812;POW:0.08699473;TCB:0.01587302
2024-06-06,2024-06-07,2024-06-20,ACB;FPT;PLX;SAB,4,0.0087964749230453,ACB:0.01023891;FPT:0.09489194;PLX:-0.01673228;SAB:-0.05321267
2024-06-07,2024-06-10,2024-06-21,PLX;POW;SAB,3,-0.011764558255096346,PLX:0.01815920;POW:0.05004314;SAB:-0.10349602
2024-06-10,2024-06-11,2024-06-24,ACB;SAB,2,-0.05190386894353517,ACB:-0.01226091;SAB:-0.09154683
2024-06-11,2024-06-12,2024-06-25,MWG;POW;SAB;TCB,4,-0.020165860186251647,MWG:-0.00963580;POW:0.05977797;SAB:-0.10361784;TCB:-0.02718777
2024-06-12,2024-06-13,2024-06-26,ACB;TCB,2,-0.02426131116313852,ACB:-0.01803998;TCB:-0.03048264
2024-06-13,2024-06-14,2024-06-27,TCB,1,-0.052497883149873074,TCB:-0.05249788
2024-06-14,2024-06-17,2024-06-28,MWG;TCB,2,-0.02319896356040932,MWG:0.00146532;TCB:-0.04786325
2024-06-17,2024-06-18,2024-07-01,ACB;TCB,2,-0.05223501258561733,ACB:-0.03633721;TCB:-0.06813282
2024-06-18,2024-06-19,2024-07-02,ACB;TCB,2,-0.04271539806783308,ACB:-0.01999025;TCB:-0.06544055
2024-06-19,2024-06-20,2024-07-03,TCB,1,-0.04269854824935952,TCB:-0.04269855
2024-06-21,2024-06-24,2024-07-05,GVR;TCB,2,-0.0050463028928826575,GVR:0.03096813;TCB:-0.04106074
2024-06-24,2024-06-25,2024-07-08,FPT;GVR;PNJ;TCB,4,0.033134636919519914,FPT:0.06563812;GVR:0.09790640;PNJ:-0.01043705;TCB:-0.02056893
2024-06-25,2024-06-26,2024-07-09,FPT;PNJ;TCB,3,0.016479304378183204,FPT:0.04957093;PNJ:0.02481228;TCB:-0.02494530
2024-06-26,2024-06-27,2024-07-10,PNJ;TCB,2,6.482694617319755e-05,PNJ:0.02096299;TCB:-0.02083333
2024-06-27,2024-06-28,2024-07-11,GVR,1,0.026158657947114066,GVR:0.02615866
2024-06-28,2024-07-01,2024-07-12,MWG;PNJ;POW,3,0.03018864620741772,MWG:0.03516448;PNJ:0.02846268;POW:0.02693878
2024-07-01,2024-07-02,2024-07-15,FPT,1,0.031898074955826215,FPT:0.03189807
2024-07-02,2024-07-03,2024-07-16,FPT,1,0.02675953079178887,FPT:0.02675953
2024-07-03,2024-07-04,2024-07-17,BVH;GVR;MWG,3,-0.003805277825918959,BVH:-0.00847647;GVR:0.03056380;MWG:-0.03350317
2024-07-04,2024-07-05,2024-07-18,GVR;HDB;MWG,3,0.02985184185996761,GVR:0.03012577;HDB:0.06254115;MWG:-0.00311139
2024-07-05,2024-07-08,2024-07-19,MWG,1,0.0,MWG:0.00000000
2024-07-08,2024-07-09,2024-07-22,GVR;HDB,2,-0.020168687614589675,GVR:-0.12428141;HDB:0.08394404
2024-07-09,2024-07-10,2024-07-23,GVR;PLX,2,-0.10880679899822099,GVR:-0.19801449;PLX:-0.01959911
2024-07-10,2024-07-11,2024-07-24,GVR;HDB;MWG,3,-0.04790859188676081,GVR:-0.12803713;HDB:0.04542505;MWG:-0.06111370
2024-07-11,2024-07-12,2024-07-25,GVR;HDB;MWG,3,-0.04685746980859795,GVR:-0.10667775;HDB:0.02480916;MWG:-0.05870382
2024-07-12,2024-07-15,2024-07-26,GVR;HDB;MWG;PLX,4,-0.03153293752898957,GVR:-0.12668828;HDB:0.03727506;MWG:-0.06017505;PLX:0.02345652
2024-07-15,2024-07-16,2024-07-29,FPT;GVR;MWG;PNJ,4,-0.05425886875061073,FPT:-0.03446424;GVR:-0.13001861;MWG:-0.04020101;PNJ:-0.01235162
2024-07-16,2024-07-17,2024-07-30,FPT;GVR;MWG;PLX,4,-0.050147276041053276,FPT:-0.04471617;GVR:-0.12968917;MWG:-0.02618376;PLX:0.00000000
2024-07-17,2024-07-18,2024-07-31,GVR;NVL,2,-0.05248544816328915,GVR:-0.07169594;NVL:-0.03327496
2024-07-18,2024-07-19,2024-08-01,GVR;HDB;MBB,3,-0.05453198134585057,GVR:-0.12918796;HDB:0.02597403;MBB:-0.06038201
2024-07-19,2024-07-22,2024-08-02,GVR;HDB;MBB;MWG;NVL;PDR,6,-0.03585763963476654,GVR:-0.04847937;HDB:0.05006258;MBB:-0.05942996;MWG:-0.03531425;NVL:-0.03336339;PDR:-0.08862144
2024-07-22,2024-07-23,2024-08-05,HDB;MBB;MWG;NVL,4,-0.05404990234273411,HDB:-0.03374233;MBB:-0.09443099;MWG:-0.05227840;NVL:-0.03574788
2024-07-23,2024-07-24,2024-08-06,HDB;NVL;PDR;PLX,4,-0.004344197241246205,HDB:0.00000000;NVL:0.01828681;PDR:-0.07902217;PLX:0.04335857
2024-07-24,2024-07-25,2024-08-07,ACB;HDB;MBB;PLX,4,-0.0041148397280327854,ACB:-0.03121903;HDB:-0.00374065;MBB:-0.02059202;PLX:0.03909234
2024-07-25,2024-07-26,2024-08-08,ACB;HDB;MBB;PLX,4,-0.012264676314909791,ACB:-0.03525323;HDB:-0.00434513;MBB:-0.03532434;PLX:0.02586399
2024-07-26,2024-07-29,2024-08-09,ACB;HDB;PLX;VJC,4,-0.023196554435943283,ACB:-0.02857143;HDB:0.01422387;PLX:-0.01443124;VJC:-0.06400742
2024-07-29,2024-07-30,2024-08-12,ACB;HDB,2,0.0016124655589881461,ACB:-0.00847458;HDB:0.01169951
2024-07-30,2024-07-31,2024-08-13,ACB;HDB,2,-0.0016475232939804994,ACB:-0.02472799;HDB:0.02143295
2024-07-31,2024-08-01,2024-08-14,HDB;NVL;PLX,3,-0.004324866087959983,HDB:-0.01711924;NVL:-0.06311993;PLX:0.06726457
2024-08-01,2024-08-02,2024-08-15,HDB;PDR;PLX,3,0.04107324775466153,HDB:0.02126367;PDR:0.01432130;PLX:0.08763478
2024-08-02,2024-08-05,2024-08-16,HDB;MBB;PLX,3,0.06212074444339699,HDB:0.05266344;MBB:0.04327563;PLX:0.09042316
2024-08-05,2024-08-06,2024-08-19,PDR,1,0.11649874055415614,PDR:0.11649874
2024-08-06,2024-08-07,2024-08-20,MBB;PLX,2,0.0418996579165575,MBB:0.03606557;PLX:0.04773374
2024-08-07,2024-08-08,2024-08-21,HDB;MWG;PLX,3,0.08394166966208756,HDB:0.10392902;MWG:0.12581806;PLX:0.02207792
2024-08-08,2024-08-09,2024-08-22,MWG;PLX;POW,3,0.03630011677965827,MWG:0.11648601;PLX:0.02088717;POW:-0.02847282
2024-08-09,2024-08-12,2024-08-23,HDB;PLX;POW,3,0.011960506584162705,HDB:0.05832321;PLX:0.00615450;POW:-0.02859619
2024-08-12,2024-08-13,2024-08-26,MWG,1,0.0449506454062264,MWG:0.04495065
2024-08-13,2024-08-14,2024-08-27,MWG;PLX,2,0.023529952528044663,MWG:0.04495065;PLX:0.00210926
2024-08-14,2024-08-15,2024-08-28,HDB;MWG;PLX,3,0.03182125019190325,HDB:0.04444444;MWG:0.04681763;PLX:0.00420168
2024-08-15,2024-08-16,2024-08-29,MWG;PLX;PNJ,3,0.02809826823934944,MWG:0.04703351;PLX:-0.00610398;PNJ:0.04336528
2024-08-16,2024-08-19,2024-08-30,HDB;PNJ,2,0.026221099121547534,HDB:0.02004582;PNJ:0.03239638
2024-08-19,2024-08-20,2024-09-04,HDB;MWG;NVL;PLX,4,0.002788866826707124,HDB:0.00519331;MWG:0.00147016;NVL:0.07003546;PLX:-0.06554346
2024-08-20,2024-08-21,2024-09-05,HDB;MWG,2,-0.007913635744402854,HDB:0.00580383;MWG:-0.02163110
2024-08-21,2024-08-22,2024-09-06,HDB;MWG;PLX;PNJ,4,-0.04067992119035621,HDB:-0.01262916;MWG:-0.02430505;PLX:-0.04378026;PNJ:-0.08200522
2024-08-22,2024-08-23,2024-09-09,FPT;MWG;PNJ,3,-0.04863621638586829,FPT:-0.01789069;MWG:-0.03579191;PNJ:-0.09222605
2024-08-23,2024-08-26,2024-09-10,HDB;PNJ,2,-0.05314376271324511,HDB:-0.03150057;PNJ:-0.07478695
2024-08-26,2024-08-27,2024-09-11,HDB;MWG,2,-0.026437511321656223,HDB:-0.02978236;MWG:-0.02309266
2024-08-27,2024-08-28,2024-09-12,BID;HDB,2,-0.030873234590983338,BID:-0.02515413;HDB:-0.03659234
2024-08-28,2024-08-29,2024-09-13,CTG;HDB,2,-0.013254683150616389,CTG:-0.00125104;HDB:-0.02525832
2024-08-29,2024-08-30,2024-09-16,ACB;HDB,2,-0.03285706427569511,ACB:-0.02038835;HDB:-0.04532578
2024-08-30,2024-09-04,2024-09-17,MWG,1,-0.027757271519267823,MWG:-0.02775727
2024-09-04,2024-09-05,2024-09-18,HDB,1,-0.018296169239565282,HDB:-0.01829617
2024-09-05,2024-09-06,2024-09-19,HDB;VHM,2,-0.0003150737029847617,HDB:-0.00403924;VHM:0.00340909
2024-09-06,2024-09-09,2024-09-20,HDB;VHM,2,0.005788539794798379,HDB:0.00928613;VHM:0.00229095
2024-09-09,2024-09-10,2024-09-23,VHM,1,0.011587485515643106,VHM:0.01158749
2024-09-10,2024-09-11,2024-09-24,HDB;VHM,2,0.03328223448810702,HDB:0.02661147;VHM:0.03995300
2024-09-11,2024-09-12,2024-09-25,HDB,1,0.02998236331569653,HDB:0.02998236
2024-09-12,2024-09-13,2024-09-26,VJC,1,-0.00379146919431285,VJC:-0.00379147
2024-09-13,2024-09-16,2024-09-27,ACB,1,0.061304561059342816,ACB:0.06130456
2024-09-17,2024-09-18,2024-10-01,CTG,1,0.04462051709758133,CTG:0.04462052
2024-09-18,2024-09-19,2024-10-02,HDB;VHM,2,0.010030341101911314,HDB:0.03145020;VHM:-0.01138952
2024-09-20,2024-09-23,2024-10-04,HDB,1,0.007462686567164121,HDB:0.00746269
2024-09-24,2024-09-25,2024-10-08,ACB,1,-0.019328117809480058,ACB:-0.01932812
2024-09-25,2024-09-26,2024-10-09,STB,1,0.0411585365853659,STB:0.04115854
2024-09-26,2024-09-27,2024-10-10,HDB;KDH;MBB;STB,4,-0.017614478471547904,HDB:-0.03340635;KDH:-0.05056696;MBB:-0.00776119;STB:0.02127660
2024-09-27,2024-09-30,2024-10-11,HDB;KDH;MBB;STB;TCB,5,-0.008436896534082718,HDB:-0.03669222;KDH:-0.02975258;MBB:0.00422195;STB:0.00745156;TCB:0.01258681
2024-09-30,2024-10-01,2024-10-14,HDB;MBB;STB;VPB,4,0.0007789460980382025,HDB:-0.04247104;MBB:0.00357569;STB:0.01497006;VPB:0.02704108
2024-10-01,2024-10-02,2024-10-15,STB,1,0.005970149253731428,STB:0.00597015
2024-10-02,2024-10-03,2024-10-16,MBB;STB,2,-0.0019478417218063947,MBB:-0.00538600;STB:0.00149031
2024-10-03,2024-10-04,2024-10-17,STB;TPB;VPB,3,0.02748972435657504,STB:0.02670623;TPB:0.01080737;VPB:0.04495557
2024-10-04,2024-10-07,2024-10-18,TPB;VPB,2,0.02117399976463276,TPB:0.01998711;VPB:0.02236089
2024-10-07,2024-10-08,2024-10-21,MBB;STB;TPB;VPB,4,0.01908324244728899,MBB:0.01400731;STB:0.04135894;TPB:-0.01144310;VPB:0.03240983
2024-10-08,2024-10-09,2024-10-22,MBB;STB;TPB;VPB,4,0.012170664930753989,MBB:-0.00242571;STB:0.03857567;TPB:-0.01726343;VPB:0.02979613
2024-10-09,2024-10-10,2024-10-23,MBB;TPB;VPB,3,-0.007379169711799379,MBB:-0.01791045;TPB:-0.00884956;VPB:0.00462250
2024-10-10,2024-10-11,2024-10-24,ACB;VPB,2,-0.033329896297376996,ACB:-0.04218249;VPB:-0.02447731
2024-10-11,2024-10-14,2024-10-25,MBB;MSN,2,-0.048717724161083664,MBB:-0.03889886;MSN:-0.05853659
2024-10-14,2024-10-15,2024-10-28,MBB;VPB,2,-0.03186516130180142,MBB:-0.04435245;VPB:-0.01937787
2024-10-15,2024-10-16,2024-10-29,MBB;STB;VPB,3,-0.0132935809770194,MBB:-0.02513465;STB:0.01188707;VPB:-0.02663317
2024-10-16,2024-10-17,2024-10-30,NVL;TPB;VPB,3,0.0010356740486963864,NVL:0.04837014;TPB:-0.01667736;VPB:-0.02858576
2024-10-17,2024-10-18,2024-10-31,TPB;VPB,2,-0.02891570270536447,TPB:-0.03877423;VPB:-0.01905717
2024-10-18,2024-10-21,2024-11-01,MBB;VPB,2,-0.03226664985322595,MBB:-0.04469607;VPB:-0.01983723
2024-10-21,2024-10-22,2024-11-04,MBB;TPB;VPB,3,-0.044561119200822556,MBB:-0.04151625;TPB:-0.04851229;VPB:-0.04365482
2024-10-22,2024-10-23,2024-11-05,MSN;TPB,2,-0.06036382143853947,MSN:-0.07468354;TPB:-0.04604410
2024-10-23,2024-10-24,2024-11-06,STB;TPB;VHM;VPB,4,-0.04710604487056126,STB:-0.00837989;TPB:-0.04502219;VHM:-0.10836910;VPB:-0.02665300
2024-10-24,2024-10-25,2024-11-07,MSN;STB;TPB;VPB,4,-0.01399936095606956,MSN:-0.07332491;STB:0.05794948;TPB:-0.02034121;VPB:-0.02028081
2024-10-25,2024-10-28,2024-11-08,STB;TPB;VPB,3,0.005737403492212949,STB:0.06606607;TPB:-0.02376238;VPB:-0.02509148
2024-10-28,2024-10-29,2024-11-11,STB;TPB;VPB,3,-0.0373222084268612,STB:-0.00147710;TPB:-0.06131768;VPB:-0.04917184
2024-10-29,2024-10-30,2024-11-12,STB;TPB,2,-0.04001473500023031,STB:-0.01900585;TPB:-0.06102362
2024-10-30,2024-10-31,2024-11-13,STB;TPB,2,-0.04931441759435243,STB:-0.04022989;TPB:-0.05839895
2024-10-31,2024-11-01,2024-11-14,STB;TPB;VPB,3,-0.07467427478074455,STB:-0.07142857;TPB:-0.08442408;VPB:-0.06817017
2024-11-01,2024-11-04,2024-11-15,STB;TPB;VPB,3,-0.07701604558854581,STB:-0.07428571;TPB:-0.08514851;VPB:-0.07161391
2024-11-04,2024-11-05,2024-11-18,NVL;STB;TPB,3,-0.022851237204597936,NVL:0.02931937;STB:-0.06456241;TPB:-0.03331067
2024-11-05,2024-11-06,2024-11-19,PDR;STB,2,-0.0717154447986091,PDR:-0.05628803;STB:-0.08714286
2024-11-06,2024-11-07,2024-11-20,STB,1,-0.08988764044943828,STB:-0.08988764
2024-11-07,2024-11-08,2024-11-21,HPG;STB;VCB,3,-0.053368000487923194,HPG:-0.04995054;STB:-0.07810321;VCB:-0.03205025
2024-11-08,2024-11-11,2024-11-22,HPG;STB;VCB,3,-0.04555973176666748,HPG:-0.03530582;STB:-0.07768362;VCB:-0.02368976
2024-11-11,2024-11-12,2024-11-25,CTG;STB;VCB,3,-0.009001615572933643,CTG:0.00879397;STB:-0.02810651;VCB:-0.00769231
2024-11-12,2024-11-13,2024-11-26,BVH;HPG;STB,3,-0.01497670421005346,BVH:-0.00481762;HPG:-0.03115727;STB:-0.00895522
2024-11-13,2024-11-14,2024-11-27,BVH;HPG,2,-0.008472249761546917,BVH:0.01090234;HPG:-0.02784684
2024-11-15,2024-11-18,2024-11-29,POW,1,0.10204081632653053,POW:0.10204082
2024-11-18,2024-11-19,2024-12-02,FPT;POW,2,0.08260644833356659,FPT:0.07256114;POW:0.09265176
2024-11-19,2024-11-20,2024-12-03,MWG,1,0.0453981202340841,MWG:0.04539812
2024-11-20,2024-11-21,2024-12-04,NVL,1,-0.0667302192564348,NVL:-0.06673022
2024-11-21,2024-11-22,2024-12-05,CTG;NVL;STB,3,0.011856388556038905,CTG:0.04300626;NVL:-0.03622498;STB:0.02878788
2024-11-22,2024-11-25,2024-12-06,CTG;FPT,2,0.080529293868894,CTG:0.03753128;FPT:0.12352731
2024-11-25,2024-11-26,2024-12-09,CTG,1,0.04121565362198176,CTG:0.04121565
2024-11-26,2024-11-27,2024-12-10,CTG;PDR,2,0.033077397848486546,CTG:0.03528435;PDR:0.03087045
2024-11-27,2024-11-28,2024-12-11,CTG;FPT;POW,3,0.03227853323956749,CTG:0.02972750;FPT:0.08716541;POW:-0.02005731
2024-11-28,2024-11-29,2024-12-12,CTG;FPT;PDR,3,0.045272728921546934,CTG:0.02257800;FPT:0.08502059;PDR:0.02821960
2024-11-29,2024-12-02,2024-12-13,CTG;FPT;PDR,3,0.02065972161814692,CTG:0.01217532;FPT:0.03604938;PDR:0.01375446
2024-12-02,2024-12-03,2024-12-16,BVH;CTG;FPT;HPG,4,0.03695663535602377,BVH:0.07597062;CTG:0.00851236;FPT:0.05783254;HPG:0.00551102
2024-12-03,2024-12-04,2024-12-17,BVH;CTG;FPT;HPG,4,0.011633265533225709,BVH:0.00196155;CTG:0.01841998;FPT:0.02064051;HPG:0.00551102
2024-12-04,2024-12-05,2024-12-18,BVH;FPT;HPG,3,0.02407931384914182,BVH:0.01547926;FPT:0.03257732;HPG:0.02418136
2024-12-05,2024-12-06,2024-12-19,ACB;BVH;FPT,3,-0.017568692888417472,ACB:-0.02768653;BVH:0.00000000;FPT:-0.02501955
2024-12-06,2024-12-09,2024-12-20,FPT;HPG;SAB,3,-0.0176296828699738,FPT:0.00206973;HPG:-0.03406326;SAB:-0.02089552
2024-12-09,2024-12-10,2024-12-23,FPT;HDB,2,0.02874882523080538,FPT:0.01832714;HDB:0.03917051
2024-12-10,2024-12-11,2024-12-24,CTG;FPT;HDB;HPG;KDH,5,-0.003736681837393241,CTG:-0.00281012;FPT:0.00261283;HDB:-0.00879121;HPG:-0.04291225;KDH:0.03321734
2024-12-11,2024-12-12,2024-12-25,CTG;FPT;HDB;HPG,4,0.007642964657094158,CTG:0.04923939;FPT:-0.00727131;HDB:0.01041667;HPG:-0.02181289
2024-12-12,2024-12-13,2024-12-26,CTG;FPT;HDB;HPG,4,0.013923343953608619,CTG:0.05642886;FPT:0.00198602;HDB:0.00812128;HPG:-0.01084278
2024-12-13,2024-12-16,2024-12-27,FPT;HDB;HPG,3,0.013988668506082253,FPT:0.00000000;HDB:0.05482456;HPG:-0.01285856
2024-12-16,2024-12-17,2024-12-30,CTG;FPT;HDB,3,0.06443218772073478,CTG:0.07315113;FPT:0.00269030;HDB:0.11745514
2024-12-17,2024-12-18,2024-12-31,FPT;HDB;KDH,3,0.041950670192786144,FPT:0.03041489;HDB:0.07138965;KDH:0.02404747
2025-01-02,2025-01-03,2025-01-16,BVH;CTG;FPT;KDH;STB,5,-0.023644036363395442,BVH:-0.00198847;CTG:-0.02659985;FPT:-0.03171364;KDH:-0.01732283;STB:-0.04059540
2025-01-03,2025-01-06,2025-01-17,CTG;FPT;HDB;STB,4,-0.02277046092211247,CTG:-0.00117371;FPT:-0.00063725;HDB:-0.07957560;STB:-0.00969529
2025-01-06,2025-01-07,2025-01-20,FPT;STB,2,-0.0051904550810033916,FPT:0.00333651;STB:-0.01371742
2025-01-07,2025-01-08,2025-01-21,CTG;FPT;STB,3,-0.006920676805398718,CTG:-0.00233827;FPT:-0.00071259;STB:-0.01771117
2025-01-08,2025-01-09,2025-01-22,BID;FPT;STB,3,-0.004247314196561428,BID:-0.00988343;FPT:0.00936974;STB:-0.01222826
2025-01-09,2025-01-10,2025-01-23,BID;CTG;FPT;HDB;STB,5,0.015437504034254012,BID:0.00000000;CTG:0.01909587;FPT:0.03695427;HDB:0.00465387;STB:0.01648352
2025-01-10,2025-01-13,2025-01-24,BID;CTG;FPT;STB,4,0.03792433303773078,BID:0.02301526;CTG:0.02154328;FPT:0.04999594;STB:0.05714286
2025-01-13,2025-01-14,2025-02-03,BID;CTG;FPT;STB,4,0.010570166488502512,BID:0.00515863;CTG:0.01595331;FPT:-0.01424203;STB:0.03541076
2025-01-15,2025-01-16,2025-02-05,BID;PLX;STB,3,0.01710162232103735,BID:0.01005932;PLX:-0.01101434;STB:0.05225989
2025-01-16,2025-01-17,2025-02-06,BID;BVH;PLX,3,0.005994341058706546,BID:0.01521795;BVH:0.00380000;PLX:-0.00103493
2025-01-17,2025-01-20,2025-02-07,BID;BVH;CTG,3,0.04192973202765391,BID:0.02639672;BVH:0.00393082;CTG:0.09546166
2025-01-20,2025-01-21,2025-02-10,BID;BVH;CTG,3,0.031782046912946935,BID:0.00757384;BVH:0.01150770;CTG:0.07626459
2025-01-21,2025-01-22,2025-02-11,BID;BVH;STB,3,0.031044879448878997,BID:0.01626016;BVH:0.01333856;STB:0.06353591
2025-01-22,2025-01-23,2025-02-12,BID;BVH;CTG;STB;TCB,5,0.05530711982712788,BID:0.01254159;BVH:0.07088353;CTG:0.08300857;STB:0.05457026;TCB:0.05553164
2025-01-23,2025-01-24,2025-02-13,BID;BVH;CTG;PLX;STB,5,0.05196096417129622,BID:0.00253421;BVH:0.07088353;CTG:0.07189293;PLX:0.07427967;STB:0.04021448
2025-01-24,2025-02-03,2025-02-14,BID;CTG;STB,3,0.04117853152542187,BID:0.02394294;CTG:0.06019048;STB:0.03940217
2025-02-03,2025-02-04,2025-02-17,BID;CTG;PNJ;STB,4,0.021822671751387104,BID:0.01766061;CTG:0.04952381;PNJ:-0.02349046;STB:0.04359673
2025-02-04,2025-02-05,2025-02-18,BID;STB,2,0.023497286803083176,BID:0.01495185;STB:0.03204272
2025-02-05,2025-02-06,2025-02-19,CTG;MBB;STB,3,0.024890479667466436,CTG:0.02773669;MBB:0.01360142;STB:0.03333333
2025-02-06,2025-02-07,2025-02-20,ACB;CTG;MBB;STB,4,0.023958088181922375,ACB:0.01736274;CTG:0.03393582;MBB:0.00705053;STB:0.03748327
2025-02-07,2025-02-10,2025-02-21,CTG;STB,2,0.027956455309396534,CTG:0.01714286;STB:0.03877005
2025-02-10,2025-02-11,2025-02-24,CTG;STB,2,0.03216131726254964,CTG:0.03828097;STB:0.02604167
2025-02-11,2025-02-12,2025-02-25,ACB;CTG;MBB;STB;TCB,5,0.01692643831870842,ACB:0.00415896;CTG:0.02828500;MBB:0.01739130;STB:0.01948052;TCB:0.01531640
2025-02-12,2025-02-13,2025-02-26,ACB;MBB;TCB,3,0.01795034926175428,ACB:0.01166589;MBB:0.01516919;TCB:0.02701596
2025-02-13,2025-02-14,2025-02-27,ACB;BVH;CTG;PLX;STB;TCB,6,0.012709869349865203,ACB:0.00599631;BVH:0.06443735;CTG:0.01208244;PLX:0.01316431;STB:-0.02544529;TCB:0.00602410
2025-02-14,2025-02-17,2025-02-28,ACB;BVH;CTG;STB;TCB,5,0.01425308984125374,ACB:0.00230627;BVH:0.04050253;CTG:0.02482908;STB:0.00000000;TCB:0.00362757
2025-02-17,2025-02-18,2025-03-03,ACB;BVH;CTG;STB;TCB,5,0.024955647636727172,ACB:0.00788497;BVH:0.05944919;CTG:0.02758621;STB:0.01436031;TCB:0.01549755
2025-02-18,2025-02-19,2025-03-04,STB,1,0.01423027166882288,STB:0.01423027
2025-02-19,2025-02-20,2025-03-05,BVH;MBB;STB;TCB,4,0.016250700471780562,BVH:0.00180538;MBB:0.02376812;STB:-0.00257069;TCB:0.04200000
2025-02-20,2025-02-21,2025-03-06,BID;BVH;CTG;STB,4,0.010767621601972806,BID:-0.00123762;BVH:0.00533144;CTG:0.01962183;STB:0.01935484
2025-02-24,2025-02-25,2025-03-10,BID;TCB,2,0.025407031790010463,BID:0.00589681;TCB:0.04491726
2025-02-25,2025-02-26,2025-03-11,TCB,1,0.06073838824930518,TCB:0.06073839
2025-02-26,2025-02-27,2025-03-12,BID;CTG;STB;TCB,4,0.028115091208927447,BID:-0.00736196;CTG:0.03391028;STB:0.03112840;TCB:0.05478364
2025-02-27,2025-02-28,2025-03-13,ACB;BID;CTG;STB;TCB,5,0.013857031309930722,ACB:0.00368155;BID:-0.01827160;CTG:0.02434721;STB:0.01960784;TCB:0.03992016
2025-02-28,2025-03-03,2025-03-14,ACB;BID;TCB,3,0.010251614339790719,ACB:0.00000000;BID:-0.01333333;TCB:0.04408818
2025-03-03,2025-03-04,2025-03-17,BID;MBB;TCB,3,0.03175644332633867,BID:-0.01090458;MBB:0.05436669;TCB:0.05180723
2025-03-04,2025-03-05,2025-03-18,ACB;BID;VRE,3,0.008410008071025042,ACB:0.00000000;BID:-0.01714286;VRE:0.04237288
2025-03-05,2025-03-06,2025-03-19,BID;BVH;GVR;VRE,4,0.00244115192872852,BID:-0.02089552;BVH:-0.06317108;GVR:0.05439459;VRE:0.03943662
2025-03-06,2025-03-07,2025-03-20,ACB;MWG,2,-0.01904396068473708,ACB:-0.00903342;MWG:-0.02905450
2025-03-07,2025-03-10,2025-03-21,MBB,1,-0.017780172413793014,MBB:-0.01778017
2025-03-10,2025-03-11,2025-03-24,MBB;VIC,2,0.10860984334525729,MBB:0.00826446;VIC:0.20895522
2025-03-11,2025-03-12,2025-03-25,STB;VIC,2,0.08384290540540539,STB:-0.03375000;VIC:0.20143581
2025-03-12,2025-03-13,2025-03-26,MBB;STB;VCB,3,-0.024600086256743786,MBB:-0.02650081;STB:-0.02648172;VCB:-0.02081773
2025-03-13,2025-03-14,2025-03-27,MBB;MWG;VHM,3,0.013518014272911086,MBB:-0.01484332;MWG:-0.01797790;VHM:0.07337526
2025-03-14,2025-03-17,2025-03-28,MBB;VHM,2,0.02350695453483538,MBB:-0.02076503;VHM:0.06777894
2025-03-17,2025-03-18,2025-03-31,MBB;MWG,2,-0.03177739993369915,MBB:-0.01202186;MWG:-0.05153294
2025-03-18,2025-03-19,2025-04-01,CTG;MBB;VRE,3,0.03948355690902108,CTG:-0.00104348;MBB:0.02957589;VRE:0.08991826
2025-03-19,2025-03-20,2025-04-02,CTG;MBB;TCB;VRE,4,0.03198411408720319,CTG:0.00982112;MBB:0.01444444;TCB:0.01448171;VRE:0.08918919
2025-03-20,2025-03-21,2025-04-03,CTG;MBB;TCB;VIC,4,-0.022877357248634815,CTG:-0.06129597;MBB:-0.06801975;TCB:-0.05134100;VIC:0.08914729
2025-03-21,2025-03-24,2025-04-04,GVR;MBB;TCB,3,-0.11214400732744118,GVR:-0.19964768;MBB:-0.07624794;TCB:-0.06053640
2025-03-24,2025-03-25,2025-04-08,ACB;MBB;VHM,3,-0.1340786283777682,ACB:-0.16092475;MBB:-0.14689880;VHM:-0.09441233
2025-03-25,2025-03-26,2025-04-09,TCB;VHM;VRE,3,-0.10515681959788092,TCB:-0.15401953;VHM:-0.06370656;VRE:-0.09774436
2025-03-26,2025-03-27,2025-04-10,ACB;MBB;VHM;VRE,4,-0.05359431730928992,ACB:-0.10400368;MBB:-0.08111111;VHM:0.00582524;VRE:-0.03508772
2025-03-27,2025-03-28,2025-04-11,MBB;TCB;VHM;VRE,4,-0.006888978252670435,MBB:-0.02277778;TCB:-0.04154079;VHM:0.04696673;VRE:-0.01020408
2025-03-28,2025-03-31,2025-04-14,GVR;MBB;TCB;VHM;VIC;VRE,6,0.013590770622254522,GVR:-0.24385246;MBB:-0.01676914;TCB:-0.03098699;VHM:0.11718750;VIC:0.20415225;VRE:0.05181347
2025-03-31,2025-04-01,2025-04-15,CTG;MBB;TCB;VHM;VIC,5,0.023130851198776614,CTG:-0.09342197;MBB:-0.04748758;TCB:-0.05449695;VHM:0.11003861;VIC:0.20102215
2025-04-01,2025-04-02,2025-04-16,CTG;MBB;TCB;VIC,4,-0.03458680371354607,CTG:-0.11323376;MBB:-0.06883469;TCB:-0.07859281;VIC:0.12231405
2025-04-02,2025-04-03,2025-04-17,CTG;MBB;TCB;VHM;VIC,5,0.04077427316328612,CTG:-0.08485499;MBB:-0.02542373;TCB:-0.03500583;VHM:0.12922465;VIC:0.21993127
2025-04-03,2025-04-04,2025-04-18,PNJ;TPB,2,0.03921544862617108,PNJ:0.01400259;TPB:0.06442831
2025-04-04,2025-04-08,2025-04-21,KDH;PNJ;SAB;VIC,4,0.045401997471341,KDH:0.03458456;PNJ:0.00000000;SAB:0.08667860;VIC:0.06034483
2025-04-08,2025-04-09,2025-04-22,SAB,1,0.12313034188034187,SAB:0.12313034
2025-04-09,2025-04-10,2025-04-23,PNJ,1,0.025482093663911833,PNJ:0.02548209
2025-04-10,2025-04-11,2025-04-24,GAS,1,-0.01041476338388453,GAS:-0.01041476
2025-04-14,2025-04-15,2025-04-28,FPT,1,-0.056777493606138076,FPT:-0.05677749
2025-04-15,2025-04-16,2025-04-29,VIC;VRE,2,0.06698244187024936,VIC:-0.03682720;VRE:0.17079208
2025-04-16,2025-04-17,2025-05-05,FPT;VIC;VRE,3,0.09929172763413058,FPT:0.03427214;VIC:0.03397341;VRE:0.22962963
2025-04-17,2025-04-18,2025-05-06,VIC;VRE,2,0.0997490311991337,VIC:-0.01810585;VRE:0.21760391
2025-04-18,2025-04-21,2025-05-07,VIC;VRE,2,0.19349053263876195,VIC:0.14508580;VRE:0.24189526
2025-04-21,2025-04-22,2025-05-08,FPT;VIC;VRE,3,0.17479186878722988,FPT:0.02974535;VIC:0.26612903;VRE:0.22850123
2025-04-22,2025-04-23,2025-05-09,PNJ;VRE,2,0.1502301397886124,PNJ:0.10714286;VRE:0.19331742
2025-04-23,2025-04-24,2025-05-12,STB,1,-0.004975124378109523,STB:-0.00497512
2025-04-24,2025-04-25,2025-05-13,NVL;STB,2,0.03199458547717258,NVL:0.06647673;STB:-0.00248756
2025-04-25,2025-04-28,2025-05-14,NVL;VHM;VIC;VRE,4,0.08542178664130903,NVL:0.10873786;VHM:-0.02737520;VIC:0.17699115;VRE:0.08333333
2025-04-28,2025-04-29,2025-05-15,NVL;VIC;VRE,3,0.09476798736900072,NVL:0.03867403;VIC:0.19104478;VRE:0.05458515
2025-04-29,2025-05-05,2025-05-16,MWG;NVL;PNJ;VIC;VRE,5,0.08765000098864184,MWG:0.04938272;NVL:0.05597015;PNJ:0.13145439;VIC:0.16110305;VRE:0.04033970
2025-05-05,2025-05-06,2025-05-19,MWG;VIC;VRE,3,0.08295078298515537,MWG:0.04440379;VIC:0.21246459;VRE:-0.00801603
2025-05-06,2025-05-07,2025-05-20,MWG;VIC;VRE,3,0.13812165979930652,MWG:0.08010161;VIC:0.29603399;VRE:0.03822938
2025-05-07,2025-05-08,2025-05-21,NVL,1,0.03693931398416886,NVL:0.03693931
2025-05-08,2025-05-09,2025-05-22,NVL;TCB;VIC;VRE,4,0.06618198074850178,NVL:-0.03078203;TCB:0.11708253;VIC:0.15625000;VRE:0.02217742
2025-05-09,2025-05-12,2025-05-23,TCB;VIC;VRE,3,0.10094114279525301,TCB:0.09059894;VIC:0.18622449;VRE:0.02600000
2025-05-12,2025-05-13,2025-05-26,MWG;TCB;VIC;VRE,4,0.06418090020166971,MWG:0.05403613;TCB:0.02877442;VIC:0.17391304;VRE:0.00000000
2025-05-13,2025-05-14,2025-05-27,TCB;VHM;VIC;VRE,4,0.11394735071694059,TCB:0.04285714;VHM:0.20421394;VIC:0.19469027;VRE:0.01402806
2025-05-14,2025-05-15,2025-05-28,TCB;VHM;VIC;VPB,4,0.11772837688496875,TCB:0.01997897;VHM:0.25747508;VIC:0.22784810;VPB:-0.03438865
2025-05-15,2025-05-16,2025-05-29,TCB;VIC,2,0.1313361489789165,TCB:0.03014371;VIC:0.23252859
2025-05-16,2025-05-19,2025-05-30,TCB;VIC,2,0.13558899365742583,TCB:0.04271357;VIC:0.22846442
2025-05-19,2025-05-20,2025-06-02,TCB;VIC,2,0.07658528263640109,TCB:0.04582593;VIC:0.10734463
2025-05-20,2025-05-21,2025-06-03,VIC;VRE,2,0.006746641299347319,VIC:0.00204290;VRE:0.01145038
2025-05-21,2025-05-22,2025-06-04,TCB;VIC;VRE,3,0.04281159585848762,TCB:0.02291382;VIC:0.05483871;VRE:0.05068226
2025-05-22,2025-05-23,2025-06-05,POW;TCB;VIC,3,0.025350300790822972,POW:-0.00700525;TCB:0.01783877;VIC:0.06521739
2025-05-23,2025-05-26,2025-06-06,POW;VIC,2,0.020386266094420586,POW:0.00000000;VIC:0.04077253
2025-05-26,2025-05-27,2025-06-09,MWG;VIC,2,-0.056418482648630426,MWG:-0.06637445;VIC:-0.04646251
2025-05-27,2025-05-28,2025-06-10,MWG;VIC,2,-0.03467322107384396,MWG:-0.04353999;VIC:-0.02580645
2025-05-28,2025-05-29,2025-06-11,VIC,1,-0.07201646090534979,VIC:-0.07201646
2025-05-29,2025-05-30,2025-06-12,VHM;VIC;VRE,3,-0.09321704176361156,VHM:-0.08496732;VIC:-0.10607621;VRE:-0.08860759
2025-05-30,2025-06-02,2025-06-13,TCB;VHM;VIC;VRE,4,-0.08004834525202915,TCB:0.02619786;VHM:-0.11855670;VIC:-0.13373860;VRE:-0.09409594
2025-06-02,2025-06-03,2025-06-16,NVL;TCB;VHM;VIC;VRE,5,-0.050150633313330216,NVL:0.02057311;TCB:0.04545455;VHM:-0.11895425;VIC:-0.12410256;VRE:-0.07372401
2025-06-03,2025-06-04,2025-06-17,GAS;VHM;VRE,3,-0.037608967044941925,GAS:0.05324298;VHM:-0.10309278;VRE:-0.06297710
2025-06-04,2025-06-05,2025-06-18,TCB;VHM;VIC;VRE,4,-0.0491588913783053,TCB:0.04647275;VHM:-0.06176084;VIC:-0.10112360;VRE:-0.08022388
2025-06-05,2025-06-06,2025-06-19,TCB;VHM;VIC;VRE,4,-0.024652974417679906,TCB:0.09668695;VHM:-0.05284016;VIC:-0.07453416;VRE:-0.06792453
2025-06-06,2025-06-09,2025-06-20,TCB;VHM;VIC,3,-0.017031201624168962,TCB:0.12210308;VHM:-0.06896552;VIC:-0.10423117
2025-06-09,2025-06-10,2025-06-23,VHM;VIC,2,0.07968086912239007,VHM:0.08029197;VIC:0.07906977
2025-06-10,2025-06-11,2025-06-24,TCB;VHM;VIC,3,0.07611136412954363,TCB:0.12016575;VHM:0.07361111;VIC:0.03455724
2025-06-11,2025-06-12,2025-06-25,TCB;VHM;VIC,3,0.08072961471867011,TCB:0.11360497;VHM:0.08044383;VIC:0.04814004
2025-06-12,2025-06-13,2025-06-26,STB;TCB;VIC,3,0.0882500855534452,STB:0.04697987;TCB:0.10925230;VIC:0.10851809
2025-06-13,2025-06-16,2025-06-27,PLX;STB;TCB;VIC,4,0.05090976235089676,PLX:-0.06750000;STB:0.03923767;TCB:0.09499662;VIC:0.13690476
2025-06-18,2025-06-19,2025-07-02,STB,1,0.007415254237288014,STB:0.00741525
2025-06-19,2025-06-20,2025-07-03,NVL,1,-0.05381471389645771,NVL:-0.05381471
2025-06-20,2025-06-23,2025-07-04,MWG;NVL;STB,3,0.022837720401554656,MWG:0.03762502;NVL:0.01359084;STB:0.01729730
2025-06-23,2025-06-24,2025-07-07,MBB,1,0.0112359550561799,MBB:0.01123596
2025-06-24,2025-06-25,2025-07-08,CTG;STB,2,0.04468564730281098,CTG:0.06464011;STB:0.02473118
2025-06-25,2025-06-26,2025-07-09,CTG;MSN;MWG;TCB,4,0.05535853643712993,CTG:0.07670851;MSN:0.07670455;MWG:0.04151061;TCB:0.02651048
2025-06-26,2025-06-27,2025-07-10,CTG;MSN;MWG;STB;TCB,5,0.0438500503196433,CTG:0.07147814;MSN:0.06362379;MWG:0.05111320;STB:0.01275239;TCB:0.02028273
2025-06-27,2025-06-30,2025-07-11,CTG;STB;TCB;VHM;VIC,5,0.07639655378170626,CTG:0.06210965;STB:0.02253219;TCB:0.02489244;VHM:0.14155844;VIC:0.13089005
2025-06-30,2025-07-01,2025-07-14,CTG;MSN;STB;VHM;VIC,5,0.08360656207045492,CTG:0.06219427;MSN:-0.01181102;STB:0.02457265;VHM:0.16230366;VIC:0.18077325
2025-07-01,2025-07-02,2025-07-15,MSN;STB;TCB;VHM;VIC,5,0.07088861675289473,MSN:-0.00666667;STB:0.00845666;TCB:0.00850547;VHM:0.16069057;VIC:0.18345705
2025-07-02,2025-07-03,2025-07-16,VHM;VIC,2,0.20561378255589047,VHM:0.17021277;VIC:0.24101480
2025-07-03,2025-07-04,2025-07-17,CTG;STB;VHM;VIC,4,0.15025017959916154,CTG:0.05392491;STB:0.02141328;VHM:0.23328965;VIC:0.29237288
2025-07-04,2025-07-07,2025-07-18,VHM,1,0.2681638044914134,VHM:0.26816380
2025-07-07,2025-07-08,2025-07-21,STB;VHM,2,0.11704737836445266,STB:0.03773585;VHM:0.19635891
2025-07-08,2025-07-09,2025-07-22,CTG;HPG,2,0.04665369019952094,CTG:0.02691172;HPG:0.06639566
2025-07-09,2025-07-10,2025-07-23,CTG;HDB;HPG;SSI,4,0.07088332327854525,CTG:0.01687764;HDB:0.08843900;HPG:0.06221821;SSI:0.11599844
2025-07-10,2025-07-11,2025-07-24,HDB,1,0.13372402770378272,HDB:0.13372403
2025-07-11,2025-07-14,2025-07-25,HDB;SSI,2,0.14689942627450536,HDB:0.15299100;SSI:0.14080785
2025-07-15,2025-07-16,2025-07-29,CTG;SSI,2,0.041963617239628805,CTG:-0.00792079;SSI:0.09184803
2025-07-21,2025-07-22,2025-08-04,HDB,1,0.14293276866066698,HDB:0.14293277
2025-07-23,2025-07-24,2025-08-06,HPG;MSN,2,0.003692699490662194,HPG:0.02674024;MSN:-0.01935484
2025-07-25,2025-07-28,2025-08-08,MBB,1,0.07357075913776946,MBB:0.07357076
2025-07-28,2025-07-29,2025-08-11,MBB,1,0.10416666666666666,MBB:0.10416667
2025-07-29,2025-07-30,2025-08-12,VNM,1,-0.019093475012452243,VNM:-0.01909348
2025-07-31,2025-08-01,2025-08-14,MBB,1,0.3404565322972317,MBB:0.34045653
2025-08-12,2025-08-13,2025-08-26,MSN,1,-0.039099526066350844,MSN:-0.03909953
2025-08-14,2025-08-15,2025-08-28,MWG,1,0.07361111111111107,MWG:0.07361111
2025-08-15,2025-08-18,2025-08-29,ACB,1,0.03731343283582089,ACB:0.03731343
2025-08-19,2025-08-20,2025-09-04,MBB,1,0.0017730496453900962,MBB:0.00177305
2025-08-21,2025-08-22,2025-09-08,CTG;HDB;MBB,3,-0.0491956492221359,CTG:-0.03876627;HDB:-0.07098284;MBB:-0.03783784
2025-08-22,2025-08-25,2025-09-09,BID,1,-0.07415937356057113,BID:-0.07415937
2025-08-28,2025-08-29,2025-09-15,CTG,1,-0.005895564289724898,CTG:-0.00589556
2025-09-04,2025-09-05,2025-09-18,CTG,1,0.0,CTG:0.00000000
2025-09-08,2025-09-09,2025-09-22,KDH,1,-0.02857142857142857,KDH:-0.02857143
2025-09-09,2025-09-10,2025-09-23,MWG,1,0.02910052910052914,MWG:0.02910053
2025-09-11,2025-09-12,2025-09-25,MWG,1,0.002538071065989884,MWG:0.00253807
2025-09-16,2025-09-17,2025-09-30,HPG;MSN;PNJ,3,-0.056955109996811526,HPG:-0.05844886;MSN:-0.06466513;PNJ:-0.04775135
2025-09-17,2025-09-18,2025-10-01,HPG,1,-0.03587786259541976,HPG:-0.03587786
2025-09-18,2025-09-19,2025-10-02,HPG,1,-0.040917782026768657,HPG:-0.04091778
2025-09-19,2025-09-22,2025-10-03,HPG;MSN,2,-0.05062609871411365,HPG:-0.05476829;MSN:-0.04648391
2025-09-23,2025-09-24,2025-10-07,CTG;HPG;MWG,3,0.018032192267541807,CTG:0.03811199;HPG:0.01212358;MWG:0.00386100
2025-09-24,2025-09-25,2025-10-08,HPG;MSN,2,-0.004620582048815563,HPG:0.00153728;MSN:-0.01077844
2025-09-25,2025-09-26,2025-10-09,CTG,1,0.09327925840092696,CTG:0.09327926
2025-09-26,2025-09-29,2025-10-10,HPG,1,0.03689167974882265,HPG:0.03689168
2025-09-29,2025-09-30,2025-10-13,CTG;HPG;MWG,3,0.0662791307826807,CTG:0.10240964;HPG:0.01569859;MWG:0.08072917
2025-09-30,2025-10-01,2025-10-14,CTG;HDB;MWG,3,0.07129180083424928,CTG:0.07428571;HDB:0.05313808;MWG:0.08645161
2025-10-01,2025-10-02,2025-10-15,HDB,1,0.06778242677824273,HDB:0.06778243
2025-10-02,2025-10-03,2025-10-16,HDB,1,0.08421052631578947,HDB:0.08421053
2025-10-06,2025-10-07,2025-10-20,MWG,1,0.037179487179487256,MWG:0.03717949
2025-10-07,2025-10-08,2025-10-21,CTG,1,-0.03629257398101611,CTG:-0.03629257
2025-10-08,2025-10-09,2025-10-22,CTG,1,-0.038567493112947625,CTG:-0.03856749
2025-10-09,2025-10-10,2025-10-23,HPG,1,-0.08616692426584237,HPG:-0.08616692
2025-10-10,2025-10-13,2025-10-24,CTG;HDB;HPG;MWG,4,-0.019876230671759844,CTG:-0.08311135;HDB:0.03958763;HPG:-0.09139992;MWG:0.05541872
2025-10-13,2025-10-14,2025-10-27,CTG;MWG,2,-0.08262927003210466,CTG:-0.13069358;MWG:-0.03456496
2025-10-14,2025-10-15,2025-10-28,CTG,1,-0.10087602867002932,CTG:-0.10087603
2025-10-15,2025-10-16,2025-10-29,HDB;MBB,2,-0.05188421822587189,HDB:0.00429017;MBB:-0.10805861
2025-10-17,2025-10-20,2025-10-31,HDB;MWG,2,-0.025287356321839115,HDB:0.00000000;MWG:-0.05057471
2025-10-20,2025-10-21,2025-11-03,STB,1,-0.05765765765765771,STB:-0.05765766
2025-10-21,2025-10-22,2025-11-04,HDB;MWG;PDR;TCB,4,-0.04269793100742898,HDB:-0.04309657;MWG:-0.01445783;PDR:-0.03177966;TCB:-0.08145766
2025-10-22,2025-10-23,2025-11-05,HDB;MWG;PDR,3,-0.0628786918414268,HDB:-0.04316547;MWG:-0.06744186;PDR:-0.07802875
2025-10-23,2025-10-24,2025-11-06,HDB;MWG;PNJ,3,-0.05444997436433194,HDB:-0.08079208;MWG:-0.06081871;PNJ:-0.02173913
2025-10-24,2025-10-27,2025-11-07,CTG;HDB;MWG;PNJ;VIC,5,-0.07894017296110194,CTG:-0.01597908;HDB:-0.08937008;MWG:-0.10735123;PNJ:-0.07791793;VIC:-0.10408255
2025-10-27,2025-10-28,2025-11-10,HDB;MWG;PNJ;VIC;VJC;VRE,6,-0.05822459235389419,HDB:-0.03140917;MWG:-0.05067985;PNJ:-0.06951872;VIC:-0.06791569;VJC:0.01262192;VRE:-0.14244604
2025-10-28,2025-10-29,2025-11-11,HDB;MWG;VIC,3,-0.07678746698410649,HDB:-0.08792966;MWG:-0.06024096;VIC:-0.08219178
2025-10-29,2025-10-30,2025-11-12,HDB;MWG,2,-0.07354187255182781,HDB:-0.10314075;MWG:-0.04394299
2025-10-30,2025-10-31,2025-11-13,HDB;MWG;STB;VIC,4,-0.06207532827281664,HDB:-0.10746038;MWG:-0.04529201;STB:-0.14109347;VIC:0.04554455
2025-10-31,2025-11-03,2025-11-14,MWG;VIC;VJC,3,0.009727444880599588,MWG:-0.01927711;VIC:0.10413396;VJC:-0.05567452
2025-11-03,2025-11-04,2025-11-17,FPT;HDB;PNJ;VIC;VJC,5,-0.0019827276248442723,FPT:-0.02981403;HDB:-0.01655348;PNJ:-0.03233181;VIC:0.09595960;VJC:-0.02717391
2025-11-04,2025-11-05,2025-11-18,MWG;VIC,2,0.056466135579769865,MWG:0.01840491;VIC:0.09452736
2025-11-05,2025-11-06,2025-11-19,VIC,1,0.0703883495145631,VIC:0.07038835
2025-11-06,2025-11-07,2025-11-20,VIC,1,0.11219512195121951,VIC:0.11219512
2025-11-07,2025-11-10,2025-11-21,VIC,1,0.15543259557344052,VIC:0.15543260
2025-11-10,2025-11-11,2025-11-24,VIC,1,0.20351758793969849,VIC:0.20351759
2025-11-11,2025-11-12,2025-11-25,VIC,1,0.21743486973947898,VIC:0.21743487
2025-11-12,2025-11-13,2025-11-26,BVH;KDH;VIC,3,0.04462215164347646,BVH:-0.06788793;KDH:0.03508772;VIC:0.16666667
2025-11-13,2025-11-14,2025-11-27,BVH;VIC,2,0.0735563950350782,BVH:-0.02935780;VIC:0.17647059
2025-11-14,2025-11-17,2025-11-28,BVH;SAB;VIC,3,0.04898091186122263,BVH:-0.06630824;SAB:-0.01505091;VIC:0.22830189
2025-11-17,2025-11-18,2025-12-01,PDR;VIC;VNM,3,0.07953498114788433,PDR:-0.05194805;VIC:0.24377880;VNM:0.04677419
2025-11-18,2025-11-19,2025-12-02,VIC,1,0.25,VIC:0.25000000
2025-11-19,2025-11-20,2025-12-03,HDB;VIC,2,0.12340891127487354,HDB:0.02726146;VIC:0.21955636
2025-11-20,2025-11-21,2025-12-04,SAB;VIC;VJC,3,0.11435716522666443,SAB:0.08416611;VIC:0.18037135;VJC:0.07853403
2025-11-21,2025-11-24,2025-12-05,MWG;VIC;VJC,3,0.12368262718765677,MWG:0.05977584;VIC:0.24552987;VJC:0.06574217
2025-11-24,2025-11-25,2025-12-08,VHM;VIC;VJC,3,0.10865930778507536,VHM:0.06382979;VIC:0.25679012;VJC:0.00535801
2025-11-25,2025-11-26,2025-12-09,VHM;VIC;VJC,3,0.08553273694758351,VHM:0.04571984;VIC:0.29554656;VJC:-0.08466819
2025-11-26,2025-11-27,2025-12-10,VHM;VIC;VJC,3,0.056095968887731405,VHM:0.00975610;VIC:0.20877335;VJC:-0.05024155
2025-11-27,2025-11-28,2025-12-11,HDB;MWG;VIC;VJC,4,0.033916480634845855,HDB:-0.00487805;MWG:0.02875000;VIC:0.17647059;VJC:-0.06467662
2025-11-28,2025-12-01,2025-12-12,HDB;VHM;VIC;VJC,4,-0.040641349179057,HDB:-0.05787131;VHM:-0.09519231;VIC:0.08229989;VJC:-0.09180167
2025-12-01,2025-12-02,2025-12-15,VHM;VIC;VJC,3,-0.05208374735897927,VHM:-0.12653447;VIC:0.05851852;VJC:-0.08823529
2025-12-02,2025-12-03,2025-12-16,SAB;VHM;VIC;VJC,4,-0.06285574638575443,SAB:-0.04247924;VHM:-0.11131899;VIC:0.02474005;VJC:-0.12236480
2025-12-03,2025-12-04,2025-12-17,VHM;VIC;VJC;VNM,4,-0.05193587975084281,VHM:-0.10640301;VIC:0.06641791;VJC:-0.13545072;VNM:-0.03230769
2025-12-04,2025-12-05,2025-12-18,MWG;VIC;VJC,3,-0.03299411045493072,MWG:-0.04784131;VIC:-0.00070028;VJC:-0.05044074
2025-12-05,2025-12-08,2025-12-19,MWG;VIC;VNM,3,-0.009525072886124792,MWG:-0.01660735;VIC:-0.02302632;VNM:0.01105845
2025-12-08,2025-12-09,2025-12-22,MWG;SAB;VIC;VJC;VNM,5,-0.022280715991292315,MWG:0.00591716;SAB:-0.08991773;VIC:-0.02755664;VJC:0.00487805;VNM:-0.00472441
2025-12-09,2025-12-10,2025-12-23,MWG;SAB;VIC,3,0.014117561494322051,MWG:0.05168269;SAB:-0.07120501;VIC:0.06187500
2025-12-10,2025-12-11,2025-12-24,VIC,1,0.18741258741258748,VIC:0.18741259
2025-12-11,2025-12-12,2025-12-25,MWG;SAB;VHM;VIC;VJC,5,0.06368462881039008,MWG:0.04495747;SAB:-0.07317562;VHM:0.13168317;VIC:0.06901218;VJC:0.14594595
2025-12-12,2025-12-15,2025-12-26,VIC;VJC,2,0.10388862852996308,VIC:0.07788595;VJC:0.12989130
2025-12-15,2025-12-16,2025-12-29,MBB;VIC,2,0.07974672587741491,MBB:0.04192872;VIC:0.11756473
2025-12-16,2025-12-17,2025-12-30,SAB;VIC,2,0.045917882800654924,SAB:-0.04247182;VIC:0.13430759
2025-12-17,2025-12-18,2025-12-31,HDB;VIC,2,0.18700699300699297,HDB:0.18800000;VIC:0.18601399
2025-12-18,2025-12-19,2026-01-05,HDB;VIC;VNM,3,0.09683950551306984,HDB:0.13085937;VIC:0.21303434;VNM:-0.05337520
2025-12-19,2025-12-22,2026-01-06,GAS;HDB;VIC;VNM,4,0.12049896948393407,GAS:0.28771384;HDB:0.11730769;VIC:0.12548765;VNM:-0.04851330
2025-12-22,2025-12-23,2026-01-07,BVH;VIC,2,0.12829186317558414,BVH:0.17173524;VIC:0.08484848
2025-12-23,2025-12-24,2026-01-08,BVH;HDB;MWG;PNJ,4,0.08261071058473049,BVH:0.18214286;HDB:0.04537205;MWG:-0.00114155;PNJ:0.10406949
2025-12-24,2025-12-25,2026-01-09,MWG;PNJ;STB;VIC,4,0.0006658880630543481,MWG:-0.02272727;PNJ:0.08676377;STB:-0.11149228;VIC:0.05011933
2025-12-25,2025-12-26,2026-01-12,HDB;PNJ;VIC,3,0.08419690368941178,HDB:0.04444444;PNJ:0.09454082;VIC:0.11360544
2025-12-26,2025-12-29,2026-01-13,HDB;MWG;VIC,3,0.040247484664267474,HDB:0.02707581;MWG:0.01044084;VIC:0.08322581
2025-12-29,2025-12-30,2026-01-14,HDB;MWG;PNJ;VHM;VIC,5,0.022935889774714068,HDB:0.00181159;MWG:-0.01149425;PNJ:0.06873124;VHM:0.05250000;VIC:0.00313087
2025-12-30,2025-12-31,2026-01-15,HDB;MWG;PNJ;VIC,4,0.006514996393524519,HDB:0.06294964;MWG:-0.04545455;PNJ:0.06991458;VIC:-0.06134969
2025-12-31,2026-01-05,2026-01-16,HDB;MWG;PNJ;STB;VHM;VIC,6,-0.001304026839604026,HDB:-0.03559322;MWG:-0.01023891;PNJ:0.11305831;STB:0.00343643;VHM:-0.02129338;VIC:-0.05719340
2026-01-05,2026-01-06,2026-01-19,HDB;MWG;PNJ;STB;VIC;VRE,6,0.0011987847731515882,HDB:-0.00173611;MWG:-0.00115207;PNJ:0.17656153;STB:0.01391304;VIC:-0.06682028;VRE:-0.11357341
2026-01-06,2026-01-07,2026-01-20,MWG;PNJ;VHM;VIC,4,-0.03471113369090463,MWG:-0.03370787;PNJ:0.14476512;VHM:-0.18000000;VIC:-0.06990179
2026-01-07,2026-01-08,2026-01-21,CTG;PNJ;VHM,3,-0.010068448512291559,CTG:0.07057257;PNJ:0.08152415;VHM:-0.18230206
2026-01-08,2026-01-09,2026-01-22,BVH;GAS;PNJ,3,0.10932668139193008,BVH:0.10144928;GAS:0.15673289;PNJ:0.06979788
2026-01-09,2026-01-12,2026-01-23,PNJ,1,0.08080808080808094,PNJ:0.08080808
2026-01-14,2026-01-15,2026-01-28,VCB,1,-0.05945945945945954,VCB:-0.05945946
2026-01-16,2026-01-19,2026-01-30,GAS,1,0.17,GAS:0.17000000
2026-01-22,2026-01-23,2026-02-05,STB,1,-0.014240506329114014,STB:-0.01424051
2026-01-23,2026-01-26,2026-02-06,GAS;STB,2,0.060234541577825165,GAS:0.14427861;STB:-0.02380952
2026-01-26,2026-01-27,2026-02-09,POW;STB,2,-0.029896727779067128,POW:-0.03237410;STB:-0.02741935
2026-01-28,2026-01-29,2026-02-11,GAS;STB,2,-0.09227650316455695,GAS:-0.13924051;STB:-0.04531250
2026-01-29,2026-01-30,2026-02-12,FPT,1,-0.07136731777036692,FPT:-0.07136732
2026-02-02,2026-02-03,2026-02-23,VNM,1,-0.031550068587105774,VNM:-0.03155007
2026-02-03,2026-02-04,2026-02-24,VNM,1,-0.022284122562674015,VNM:-0.02228412
2026-02-04,2026-02-05,2026-02-25,GAS,1,-0.05008635578583763,GAS:-0.05008636
2026-02-06,2026-02-09,2026-02-27,BID;GAS;PLX;VNM,4,-0.04128525701135649,BID:-0.07528958;GAS:-0.07777778;PLX:0.00521739;VNM:-0.01729107
2026-02-09,2026-02-10,2026-03-02,GAS;PLX,2,0.03430130140926082,GAS:-0.00431406;PLX:0.07291667
2026-02-10,2026-02-11,2026-03-03,GAS;GVR;MBB;PLX,4,0.1681849348521962,GAS:0.16635161;GVR:0.27260083;MBB:-0.03736655;PLX:0.27115385
2026-02-11,2026-02-12,2026-03-04,GAS;MBB,2,0.06582981431133211,GAS:0.21186441;MBB:-0.08020478
2026-02-12,2026-02-13,2026-03-05,BID;GAS;MWG,3,0.01338631872092363,BID:-0.06624606;GAS:0.17931034;MWG:-0.07290533
2026-02-13,2026-02-23,2026-03-06,HDB;MWG;STB,3,-0.05793371090664511,HDB:-0.08480565;MWG:-0.10979548;STB:0.02080000
2026-02-23,2026-02-24,2026-03-09,GAS;PLX;POW,3,-0.028977462983309752,GAS:-0.06875000;PLX:0.00347826;POW:-0.02166065
2026-02-24,2026-02-25,2026-03-10,GAS;PLX,2,-0.0957480179113373,GAS:-0.12217195;PLX:-0.06932409
2026-02-25,2026-02-26,2026-03-11,BVH,1,-0.12455934195064625,BVH:-0.12455934
2026-02-26,2026-02-27,2026-03-12,BVH;STB,2,-0.078098526432813,BVH:-0.13825983;STB:-0.01793722
2026-02-27,2026-03-02,2026-03-13,BVH;GAS;HDB,3,-0.11797218473381577,BVH:-0.08782936;GAS:-0.20381613;HDB:-0.06227106
2026-03-02,2026-03-03,2026-03-16,BVH;MWG;PDR,3,-0.07289087895292018,BVH:-0.12195122;MWG:-0.10643016;PDR:0.00970874
2026-03-03,2026-03-04,2026-03-17,BVH;NVL;VIC,3,0.01975342670429155,BVH:-0.07230392;NVL:0.16078067;VIC:-0.02921647
2026-03-04,2026-03-05,2026-03-18,GAS;NVL;PLX,3,-0.1460667960890784,GAS:-0.27222222;NVL:0.13589503;PLX:-0.30187320
2026-03-05,2026-03-06,2026-03-19,GAS;PLX;STB,3,-0.18566966273715577,GAS:-0.25716695;PLX:-0.27672956;STB:-0.02311248
2026-03-06,2026-03-09,2026-03-20,GAS;PLX;POW,3,-0.2325304635157449,GAS:-0.29310345;PLX:-0.35053111;POW:-0.05395683
2026-03-10,2026-03-11,2026-03-24,PLX;STB,2,-0.14736719894259281,PLX:-0.22868217;STB:-0.06605223
2026-03-11,2026-03-12,2026-03-25,NVL;PLX;STB,3,-0.015428677014042859,NVL:0.25463415;PLX:-0.24909091;STB:-0.05182927
2026-03-12,2026-03-13,2026-03-26,PLX;STB,2,-0.1501923076923077,PLX:-0.23269231;STB:-0.06769231
2026-03-13,2026-03-16,2026-03-27,KDH;STB,2,-0.04032323654827058,KDH:0.00763359;STB:-0.08828006
2026-03-16,2026-03-17,2026-03-30,PNJ;STB,2,-0.08835311432722603,PNJ:-0.09013906;STB:-0.08656716
2026-03-17,2026-03-18,2026-03-31,PNJ;STB,2,-0.08180360475362976,PNJ:-0.08236644;STB:-0.08124077
2026-03-18,2026-03-19,2026-04-01,PNJ;STB,2,-0.025089845987298777,PNJ:-0.03280212;STB:-0.01737757
2026-03-19,2026-03-20,2026-04-02,PNJ;STB,2,-0.04190585426923484,PNJ:-0.05211599;STB:-0.03169572
2026-03-20,2026-03-23,2026-04-03,FPT;STB,2,-0.010757239092864985,FPT:0.00412655;STB:-0.02564103
2026-03-23,2026-03-24,2026-04-06,FPT,1,-0.02108231502618495,FPT:-0.02108232
2026-03-24,2026-03-25,2026-04-07,NVL,1,0.0930047694753577,NVL:0.09300477
2026-03-25,2026-03-26,2026-04-08,BVH;FPT;STB,3,0.022077207440359344,BVH:-0.02567095;FPT:0.02738644;STB:0.06451613
2026-03-26,2026-03-27,2026-04-09,BVH;FPT;NVL;PDR,4,0.07665080744440084,BVH:-0.02085890;FPT:0.05102735;NVL:0.18493151;PDR:0.09150327
2026-03-27,2026-03-30,2026-04-10,FPT;NVL;STB,3,0.1267024639780975,FPT:0.04428396;NVL:0.20000000;STB:0.13582343
2026-03-30,2026-03-31,2026-04-13,BVH;FPT;NVL;PDR;STB,5,0.04726963665547165,BVH:-0.10595238;FPT:0.01475365;NVL:0.23688272;PDR:-0.00900901;STB:0.09967320
2026-03-31,2026-04-01,2026-04-14,NVL;PDR,2,0.08567922042309568,NVL:0.18337045;PDR:-0.01201201
2026-04-01,2026-04-02,2026-04-15,FPT;NVL;PNJ;VHM,4,0.11112602694541898,FPT:-0.00134807;NVL:0.25848765;PNJ:0.02536283;VHM:0.16200170
2026-04-02,2026-04-03,2026-04-16,FPT;NVL;VHM,3,0.13293909026484468,FPT:-0.00800760;NVL:0.22222222;VHM:0.18460265
2026-04-03,2026-04-06,2026-04-17,FPT;VHM,2,0.08849315068493145,FPT:0.02698630;VHM:0.15000000
2026-04-06,2026-04-07,2026-04-20,NVL;VHM,2,0.20117637917637915,NVL:0.16218182;VHM:0.24017094
2026-04-08,2026-04-09,2026-04-22,VHM;VIC,2,0.28122929701877075,VHM:0.21700405;VIC:0.34545455
2026-04-09,2026-04-10,2026-04-23,STB;VHM;VIC,3,0.20098196476912067,STB:-0.01357466;VHM:0.20161290;VIC:0.41490765
2026-04-10,2026-04-13,2026-04-24,STB;VIC,2,0.1885190565247955,STB:-0.02111614;VIC:0.39815425
2026-04-13,2026-04-14,2026-04-28,FPT;STB;VHM;VIC,4,0.14206220086600058,FPT:-0.03370639;STB:0.00294551;VHM:0.20703437;VIC:0.39197531
2026-04-14,2026-04-15,2026-04-29,FPT;STB;VHM;VIC,4,0.10158487677550154,FPT:-0.01832323;STB:0.01656627;VHM:0.12049117;VIC:0.28760529
2026-04-15,2026-04-16,2026-05-04,PDR,1,-0.006024096385542254,PDR:-0.00602410
2026-04-16,2026-04-17,2026-05-05,PDR,1,-0.0060606060606061465,PDR:-0.00606061
2026-04-22,2026-04-23,2026-05-11,NVL;STB;VHM;VIC,4,0.02057971474083374,NVL:-0.11123723;STB:0.08245877;VHM:0.05921053;VIC:0.05188679
2026-04-23,2026-04-24,2026-05-12,NVL;VIC,2,-0.06319187431482287,NVL:-0.15798226;VIC:0.03159851
2026-04-24,2026-04-28,2026-05-13,NVL;VIC,2,-0.044410737267880085,NVL:-0.14120243;VIC:0.05238095
2026-04-28,2026-04-29,2026-05-14,NVL;STB;VHM;VIC,4,-0.01983062975351742,NVL:-0.18785976;STB:0.08554572;VHM:0.01421189;VIC:0.00877963
2026-04-29,2026-05-04,2026-05-15,NVL;STB;VIC,3,-0.011167930497955234,NVL:-0.16259740;STB:0.07840237;VIC:0.05069124
2026-05-04,2026-05-05,2026-05-18,NVL;VIC;VRE,3,0.008855111745992423,NVL:-0.03676914;VIC:0.06182161;VRE:0.00151286
2026-05-05,2026-05-06,2026-05-19,STB;VIC;VRE,3,0.015819499848392298,STB:0.08558559;VIC:0.02086168;VRE:-0.05898876
2026-05-06,2026-05-07,2026-05-20,STB;VIC,2,0.03524149087187607,STB:0.03768116;VIC:0.03280182
2026-05-07,2026-05-08,2026-05-21,VIC,1,-0.021914132379248684,VIC:-0.02191413
2026-05-08,2026-05-11,2026-05-22,STB;VIC,2,-0.033134433347280584,STB:-0.02465753;VIC:-0.04161133
2026-05-11,2026-05-12,2026-05-25,FPT;STB;VHM;VIC,4,8.307669562436287e-05,FPT:0.04844541;STB:-0.03181189;VHM:-0.00188679;VIC:-0.01441441
2026-05-12,2026-05-13,2026-05-26,MWG;VHM;VRE,3,-0.06860521395399614,MWG:-0.06547619;VHM:-0.05120296;VRE:-0.08913649
2026-05-14,2026-05-15,2026-05-28,VHM,1,0.004458598726114578,VHM:0.00445860
2026-05-15,2026-05-18,2026-05-29,VHM;VRE,2,-0.025878519546541322,VHM:-0.01015228;VRE:-0.04160475
2026-05-18,2026-05-19,2026-06-01,GAS,1,-0.10520722635494147,GAS:-0.10520723
2026-05-19,2026-05-20,2026-06-02,STB,1,-0.07112970711297083,STB:-0.07112971
2026-05-20,2026-05-21,2026-06-03,STB;VHM,2,-0.07968119405871862,STB:-0.07938719;VHM:-0.07997520
2026-05-21,2026-05-22,2026-06-04,STB,1,-0.009845288326300826,STB:-0.00984529
2026-05-22,2026-05-25,2026-06-05,SAB;STB;VCB,3,-0.015854588410057092,SAB:-0.00416667;STB:-0.01966292;VCB:-0.02373418
2026-05-29,2026-06-01,2026-06-12,VHM,1,-0.1165605095541402,VHM:-0.11656051
