date,open,high,low,close,label,source_idx
2022-01-27 03:25:00,36892.7,37280.96,36800.0,37188.75,0,426702
2022-01-27 03:30:00,37194.58,37282.06,36902.54,36936.81,0,426703
2022-01-27 03:35:00,36940.0,37064.02,36700.0,37006.69,0,426704
2022-01-27 03:40:00,37006.69,37187.34,36960.06,37070.71,0,426705
2022-01-27 03:45:00,37070.72,37149.05,36847.14,36962.42,0,426706
2022-01-27 03:50:00,36962.42,37098.71,36861.49,37072.17,0,426707
2022-01-27 03:55:00,37073.66,37114.74,36972.0,37015.05,0,426708
2022-01-27 04:00:00,37015.05,37152.0,36964.3,37118.31,0,426709
2022-01-27 04:05:00,37118.31,37181.85,36997.04,37060.57,0,426710
2022-01-27 04:10:00,37060.56,37121.86,37020.0,37028.97,0,426711
2022-01-27 04:15:00,37028.96,37062.45,36882.3,36915.95,0,426712
2022-01-27 04:20:00,36915.95,36915.95,36712.7,36736.79,0,426713
2022-01-27 04:25:00,36736.78,36914.03,36700.0,36872.09,0,426714
2022-01-27 04:30:00,36872.08,36899.64,36600.01,36612.61,0,426715
2022-01-27 04:35:00,36614.66,36695.21,36515.16,36546.53,0,426716
2022-01-27 04:40:00,36546.44,36672.04,36501.0,36519.45,0,426717
2022-01-27 04:45:00,36524.2,36564.2,36390.1,36411.41,0,426718
2022-01-27 04:50:00,36411.42,36495.97,36323.0,36351.94,0,426719
2022-01-27 04:55:00,36351.95,36498.76,36322.54,36323.08,0,426720
2022-01-27 05:00:00,36327.35,36466.07,36286.33,36416.01,0,426721
2022-01-27 05:05:00,36416.01,36433.67,36249.75,36321.51,0,426722
2022-01-27 05:10:00,36321.5,36385.0,36254.09,36315.54,1,426723
2022-01-27 05:15:00,36315.54,36429.91,36273.81,36407.92,2,426724
2022-01-27 05:20:00,36407.92,36425.01,36306.17,36349.73,2,426725
2022-01-27 05:25:00,36349.73,36390.12,36301.22,36332.93,2,426726
2022-01-27 05:30:00,36326.36,36516.97,36325.17,36428.78,2,426727
2022-01-27 05:35:00,36428.78,36583.8,36408.12,36573.28,3,426728
2022-01-27 05:40:00,36573.29,36573.29,36234.63,36460.03,1,426729
2022-01-27 05:45:00,36460.04,36541.82,36450.0,36514.38,2,426730
2022-01-27 05:50:00,36514.39,36536.31,36386.31,36495.8,2,426731
2022-01-27 05:55:00,36493.93,36526.48,36458.36,36509.4,2,426732
2022-01-27 06:00:00,36509.41,36608.89,36439.02,36520.3,2,426733
2022-01-27 06:05:00,36520.29,36596.69,36507.56,36594.82,2,426734
2022-01-27 06:10:00,36594.83,36799.9,36594.82,36693.74,2,426735
2022-01-27 06:15:00,36693.74,36704.05,36608.85,36682.71,2,426736
2022-01-27 06:20:00,36682.72,36814.38,36676.28,36798.0,2,426737
2022-01-27 06:25:00,36798.0,36818.84,36766.67,36811.58,2,426738
2022-01-27 06:30:00,36811.59,36871.19,36779.55,36814.5,2,426739
2022-01-27 06:35:00,36814.5,36883.05,36753.47,36755.43,2,426740
2022-01-27 06:40:00,36755.43,36832.93,36746.99,36811.4,2,426741
2022-01-27 06:45:00,36811.39,36886.68,36801.47,36815.29,2,426742
2022-01-27 06:50:00,36815.3,36826.2,36726.0,36768.65,2,426743
2022-01-27 06:55:00,36768.66,36846.39,36753.08,36809.34,2,426744
2022-01-27 07:00:00,36807.24,36847.76,36655.79,36845.49,2,426745
2022-01-27 07:05:00,36845.49,36953.54,36824.78,36919.55,2,426746
2022-01-27 07:10:00,36919.55,36950.48,36871.66,36921.3,2,426747
2022-01-27 07:15:00,36921.3,37013.76,36884.8,36976.16,2,426748
2022-01-27 07:20:00,36976.25,37015.0,36927.1,37014.99,2,426749
2022-01-27 07:25:00,37015.0,37076.51,36991.47,37016.22,2,426750
2022-01-27 07:30:00,37016.21,37059.72,36899.69,36942.36,2,426751
2022-01-27 07:35:00,36942.36,37033.92,36916.59,37033.13,3,426752
2022-01-27 07:40:00,37033.13,37055.19,36967.45,37012.01,0,426753
2022-01-27 07:45:00,37012.01,37029.65,36969.67,37025.81,0,426754
2022-01-27 07:50:00,37025.82,37035.92,36940.5,36940.5,0,426755
2022-01-27 07:55:00,36940.5,37080.0,36929.78,37004.43,0,426756
2022-01-27 08:00:00,37004.43,37005.84,36928.0,36960.39,0,426757
2022-01-27 08:05:00,36960.4,36969.82,36817.78,36859.97,0,426758
2022-01-27 08:10:00,36859.97,36909.61,36817.88,36849.17,0,426759
2022-01-27 08:15:00,36849.16,36866.19,36673.51,36685.59,0,426760
2022-01-27 08:20:00,36685.59,36704.72,36585.39,36669.01,0,426761
2022-01-27 08:25:00,36669.01,36759.49,36631.62,36658.32,0,426762
2022-01-27 08:30:00,36658.33,36665.93,36300.06,36303.76,0,426763
2022-01-27 08:35:00,36303.76,36362.1,36122.84,36160.96,0,426764
2022-01-27 08:40:00,36160.96,36266.93,36150.0,36253.71,0,426765
2022-01-27 08:45:00,36253.72,36300.0,36101.02,36120.74,0,426766
2022-01-27 08:50:00,36117.59,36187.91,35961.88,35972.8,0,426767
2022-01-27 08:55:00,35972.81,36019.93,35833.56,35882.21,0,426768
2022-01-27 09:00:00,35882.21,35922.67,35785.52,35853.93,0,426769
2022-01-27 09:05:00,35853.93,35868.66,35758.48,35831.12,0,426770
2022-01-27 09:10:00,35831.11,35920.0,35801.64,35870.6,0,426771
2022-01-27 09:15:00,35870.6,35973.39,35861.98,35924.93,0,426772
2022-01-27 09:20:00,35924.94,35963.03,35710.0,35777.32,0,426773
2022-01-27 09:25:00,35777.33,35872.72,35681.77,35850.18,0,426774
2022-01-27 09:30:00,35850.18,35894.86,35688.33,35756.97,1,426775
2022-01-27 09:35:00,35756.98,35850.0,35710.15,35807.12,2,426776
2022-01-27 09:40:00,35811.0,35876.16,35800.0,35845.05,2,426777
2022-01-27 09:45:00,35845.05,36041.84,35843.0,36004.37,2,426778
2022-01-27 09:50:00,36004.37,36016.59,35946.01,35960.0,2,426779
2022-01-27 09:55:00,35960.01,36036.01,35907.78,36008.69,2,426780
2022-01-27 10:00:00,36008.69,36170.01,35983.92,36073.12,2,426781
2022-01-27 10:05:00,36073.12,36243.32,36054.99,36213.11,3,426782
2022-01-27 10:10:00,36213.11,36217.4,36081.46,36114.55,0,426783
2022-01-27 10:15:00,36114.54,36194.65,36084.51,36187.83,0,426784
2022-01-27 10:20:00,36187.83,36214.52,36150.11,36150.11,0,426785
2022-01-27 10:25:00,36150.12,36199.99,36133.37,36195.15,0,426786
2022-01-27 10:30:00,36195.16,36200.0,36101.9,36115.89,0,426787
2022-01-27 10:35:00,36115.9,36129.98,36001.02,36027.63,0,426788
2022-01-27 10:40:00,36027.64,36045.0,35522.54,35597.5,0,426789
2022-01-27 10:45:00,35597.51,35665.68,35510.0,35528.7,1,426790
2022-01-27 10:50:00,35528.7,35685.32,35507.01,35681.31,2,426791
2022-01-27 10:55:00,35681.32,35767.61,35640.23,35745.7,2,426792
2022-01-27 11:00:00,35745.7,35799.98,35701.82,35706.01,2,426793
2022-01-27 11:05:00,35706.03,35877.17,35692.61,35870.19,2,426794
2022-01-27 11:10:00,35870.19,35998.0,35848.31,35857.01,2,426795
2022-01-27 11:15:00,35857.01,35918.17,35748.42,35892.41,3,426796
2022-01-27 11:20:00,35892.42,35900.91,35733.27,35755.85,1,426797
2022-01-27 11:25:00,35755.86,35800.0,35714.07,35781.93,2,426798
2022-01-27 11:30:00,35781.93,35882.49,35740.94,35848.16,2,426799
2022-01-27 11:35:00,35848.17,35877.36,35811.24,35872.6,2,426800
2022-01-27 11:40:00,35872.6,35878.53,35762.06,35769.78,2,426801
