timestamp,pred_open,pred_high,pred_low,pred_close
2026-07-10 00:00:00,62625.0546875,62797.93359375,62570.45703125,62754.16796875
2026-07-10 00:15:00,62666.77734375,62795.5625,62584.35546875,62753.015625
2026-07-10 00:30:00,62794.30859375,62855.34375,62724.40234375,62801.69921875
2026-07-10 00:45:00,62956.75390625,63022.9375,62849.30859375,62952.3515625
2026-07-10 01:00:00,63141.1328125,63243.8359375,62991.12890625,63118.97265625
2026-07-10 01:15:00,63402.28515625,63560.6484375,63310.609375,63464.1796875
2026-07-10 01:30:00,63360.4609375,63445.08203125,63279.9765625,63364.92578125
2026-07-10 01:45:00,63357.69921875,63447.64453125,63272.328125,63361.13671875
2026-07-10 02:00:00,63237.765625,63377.22265625,63151.71484375,63228.87109375
2026-07-10 02:15:00,63207.5546875,63274.078125,63115.31640625,63185.69140625
2026-07-10 02:30:00,63271.40625,63358.4609375,63202.53515625,63281.33984375
2026-07-10 02:45:00,63323.1796875,63389.4609375,63241.9921875,63311.5078125
2026-07-10 03:00:00,63232.7734375,63333.3671875,63144.921875,63232.0
2026-07-10 03:15:00,63193.83984375,63291.03515625,63129.56640625,63206.921875
2026-07-10 03:30:00,63250.27734375,63329.984375,63189.9453125,63259.18359375
2026-07-10 03:45:00,63262.34765625,63390.109375,63181.91796875,63253.25390625
2026-07-10 04:00:00,63266.73828125,63354.08984375,63200.0625,63288.2265625
2026-07-10 04:15:00,63342.74609375,63425.63671875,63290.83984375,63361.76171875
2026-07-10 04:30:00,63281.36328125,63358.14453125,63191.47265625,63251.3125
2026-07-10 04:45:00,63251.35546875,63317.1015625,63206.12890625,63268.3671875
2026-07-10 05:00:00,63270.57421875,63355.69140625,63224.140625,63303.0546875
2026-07-10 05:15:00,63264.4375,63318.5390625,63199.453125,63251.0390625
2026-07-10 05:30:00,63352.17578125,63435.98046875,63303.234375,63383.37109375
2026-07-10 05:45:00,63380.859375,63486.74609375,63327.77734375,63429.44140625
2026-07-10 06:00:00,63249.73828125,63314.25390625,63187.09375,63254.7890625
2026-07-10 06:15:00,63200.62890625,63313.921875,63156.00390625,63264.90234375
2026-07-10 06:30:00,63216.72265625,63316.421875,63172.36328125,63262.1328125
2026-07-10 06:45:00,63244.8515625,63411.21484375,63159.60546875,63217.74609375
2026-07-10 07:00:00,63249.4453125,63325.67578125,63197.77734375,63271.3671875
2026-07-10 07:15:00,63223.16015625,63271.4609375,63165.06640625,63203.7109375
2026-07-10 07:30:00,63149.61328125,63226.78125,63100.2734375,63162.078125
2026-07-10 07:45:00,62979.171875,63097.69140625,62915.6171875,62990.9921875
2026-07-10 08:00:00,63094.21875,63262.1953125,63034.73046875,63135.57421875
2026-07-10 08:15:00,63115.1640625,63223.625,63075.99609375,63175.328125
2026-07-10 08:30:00,63341.9609375,63405.01953125,63243.8359375,63309.43359375
2026-07-10 08:45:00,63431.91015625,63542.484375,63368.26171875,63478.37109375
2026-07-10 09:00:00,63605.73828125,63824.97265625,63451.5625,63668.2578125
2026-07-10 09:15:00,63729.08984375,63855.26953125,63610.23046875,63761.26171875
2026-07-10 09:30:00,63791.60546875,63865.37109375,63664.29296875,63725.8828125
2026-07-10 09:45:00,63830.9296875,64034.92578125,63769.5859375,63919.0078125
2026-07-10 10:00:00,63969.4375,64067.125,63848.87109375,63940.84765625
2026-07-10 10:15:00,63913.76953125,63998.44140625,63820.81640625,63918.1640625
2026-07-10 10:30:00,63927.7890625,64032.1484375,63845.9453125,63921.328125
2026-07-10 10:45:00,63929.62109375,64024.98046875,63827.93359375,63893.86328125
2026-07-10 11:00:00,63897.7421875,63961.3203125,63822.96484375,63882.8046875
2026-07-10 11:15:00,63913.578125,64030.23046875,63860.984375,63953.5
2026-07-10 11:30:00,63902.6875,63988.625,63832.640625,63909.08203125
2026-07-10 11:45:00,64024.45703125,64137.07421875,63952.7265625,64058.52734375
2026-07-10 12:00:00,64089.14453125,64222.92578125,64029.984375,64139.42578125
2026-07-10 12:15:00,64013.9765625,64099.5234375,63956.5859375,64031.234375
2026-07-10 12:30:00,63971.24609375,64079.484375,63932.00390625,64013.12890625
2026-07-10 12:45:00,64154.89453125,64300.3046875,64080.3828125,64197.609375
2026-07-10 13:00:00,64137.6875,64269.90234375,64068.65234375,64185.52734375
2026-07-10 13:15:00,64080.76171875,64163.3984375,64016.93359375,64086.62890625
2026-07-10 13:30:00,63896.41796875,63991.13671875,63831.4296875,63917.31640625
2026-07-10 13:45:00,63930.2734375,64033.37109375,63850.2421875,63918.43359375
2026-07-10 14:00:00,63909.43359375,64005.12109375,63847.5703125,63935.36328125
2026-07-10 14:15:00,63904.8828125,64008.43359375,63859.64453125,63949.31640625
2026-07-10 14:30:00,63969.671875,64072.01171875,63899.0703125,63987.22265625
2026-07-10 14:45:00,63928.00390625,64011.5546875,63848.83984375,63923.22265625
2026-07-10 15:00:00,63964.8671875,64039.28515625,63836.4765625,63926.6875
2026-07-10 15:15:00,64042.734375,64129.08203125,63961.0,64037.9765625
2026-07-10 15:30:00,64379.3515625,64433.84375,64134.39453125,64204.58203125
2026-07-10 15:45:00,64192.828125,64290.22265625,64111.25,64206.0859375
2026-07-10 16:00:00,64207.44140625,64283.86328125,64102.4765625,64172.9296875
2026-07-10 16:15:00,64195.84765625,64314.27734375,64120.2109375,64217.9296875
2026-07-10 16:30:00,64368.234375,64486.58203125,64235.66015625,64329.8203125
2026-07-10 16:45:00,64392.96484375,64484.8203125,64321.03125,64402.8828125
2026-07-10 17:00:00,64425.74609375,64585.0546875,64367.4609375,64493.66796875
2026-07-10 17:15:00,64265.578125,64327.28125,64165.14453125,64224.046875
2026-07-10 17:30:00,64438.2578125,64555.24609375,64391.8046875,64484.70703125
2026-07-10 17:45:00,64395.2734375,64509.8984375,64339.8984375,64435.4765625
2026-07-10 18:00:00,64369.95703125,64442.72265625,64283.76953125,64343.84375
2026-07-10 18:15:00,64371.9375,64462.87109375,64298.49609375,64380.6875
2026-07-10 18:30:00,64390.2265625,64520.98828125,64348.19140625,64460.3515625
2026-07-10 18:45:00,64285.5546875,64375.7109375,64230.2578125,64302.83203125
2026-07-10 19:00:00,64373.71484375,64482.28515625,64337.734375,64425.421875
2026-07-10 19:15:00,64369.984375,64460.6015625,64277.4296875,64361.4921875
2026-07-10 19:30:00,64424.85546875,64538.015625,64359.125,64465.76171875
2026-07-10 19:45:00,64380.62890625,64471.578125,64279.40234375,64368.31640625
2026-07-10 20:00:00,64330.82421875,64424.71875,64276.62109375,64354.74609375
2026-07-10 20:15:00,64239.296875,64322.81640625,64183.23828125,64257.15234375
2026-07-10 20:30:00,64156.09375,64235.078125,64087.765625,64158.97265625
2026-07-10 20:45:00,64328.75390625,64400.18359375,64227.046875,64302.85546875
2026-07-10 21:00:00,64532.21875,64640.53515625,64355.96484375,64473.625
2026-07-10 21:15:00,64227.875,64338.94140625,64172.2265625,64266.203125
2026-07-10 21:30:00,64028.15625,64195.16796875,63981.17578125,64115.98828125
2026-07-10 21:45:00,64033.68359375,64213.23046875,63981.44921875,64132.59375
2026-07-10 22:00:00,63871.28515625,63983.125,63770.8046875,63878.75390625
2026-07-10 22:15:00,63948.9765625,64068.45703125,63873.953125,63988.97265625
2026-07-10 22:30:00,64096.328125,64181.9609375,64012.76171875,64097.39453125
2026-07-10 22:45:00,63979.546875,64061.61328125,63895.2890625,63980.22265625
2026-07-10 23:00:00,63980.39453125,64087.328125,63905.28515625,64006.0625
2026-07-10 23:15:00,64039.6171875,64173.953125,63982.42578125,64112.4921875
2026-07-10 23:30:00,64041.17578125,64123.21484375,63967.53125,64049.9296875
2026-07-10 23:45:00,63861.5,63967.08203125,63757.85546875,63869.96484375
2026-07-11 00:00:00,64164.0,64262.875,64023.18359375,64101.35546875
2026-07-11 00:15:00,64001.7578125,64092.1796875,63916.40625,64006.50390625
2026-07-11 00:30:00,63915.203125,64063.1171875,63834.3359375,63942.375
2026-07-11 00:45:00,63898.23828125,64021.09765625,63834.91796875,63947.140625
2026-07-11 01:00:00,63873.984375,63981.26953125,63777.703125,63848.73046875
2026-07-11 01:15:00,63872.14453125,63931.58203125,63774.8671875,63843.70703125
2026-07-11 01:30:00,63898.4921875,63994.265625,63810.31640625,63877.1875
2026-07-11 01:45:00,63889.2578125,63963.61328125,63827.1875,63898.16015625
2026-07-11 02:00:00,63818.16796875,63958.7421875,63742.63671875,63833.484375
2026-07-11 02:15:00,63856.7734375,63913.36328125,63785.0078125,63841.26171875
2026-07-11 02:30:00,63857.3828125,63942.7109375,63795.40234375,63875.53125
2026-07-11 02:45:00,63982.53125,64099.46875,63888.65234375,63978.25
2026-07-11 03:00:00,64007.5390625,64101.83984375,63903.609375,63990.5078125
